,1958,1959,1960,1961,1962,1963,1964,1965,1966,1967,1968,1969,1970,1971,1972,1973,1974,1975,1976,1977,1978,1979,1980,1981,1982,1983,1984,1985,1986,1987,1988,1989,1990,1991,1992,1993,1994,1995,1996,1997,1998,1999,2000,2001,2002,2003,2004,2005,2006,2007,2008,2009,2010,2011,2012,2013,2014,2015,2016
,,,,,,,,,,,,,,,,,,,,,,,,,,,,,,,,,,,,,,,,,,,,,,,,,,,,,,,,,,,
1-Jan,970,,,,94,124,52,1560,999,1480,58,379,155,46,1110,711,1570,626,47,1900,820,45,357,171,56,680,56,293,827,593,56,56,120,216,299,2719,179,297,298,168,454,309,169,186,187,1053,898,312,217,896,224,227,1680,60,238,236,1712,60,235
2-Jan,974,,,,463,559,198,1630,672,1300,56,108,557,45,362,784,1850,1000,47,610,840,1500,1210,128,56,454,56,559,750,1262,56,56,56,646,1153,996,120,287,906,335,465,174,116,125,539,1198,345,580,222,1716,275,226,1678,60,848,731,1729,60,235
3-Jan,939,,,,158,78,287,1720,1820,446,56,721,193,43,1000,652,1640,185,302,1420,2250,2700,1420,114,56,945,56,513,262,653,56,56,56,518,1149,847,610,1235,1006,346,346,228,499,308,772,1414,223,1547,221,2219,285,226,1679,355,1130,450,1694,60,234
4-Jan,238,,,,258,1380,168,1060,1260,995,723,1880,406,45,1150,571,1200,309,829,1600,1520,1910,1430,53,151,954,56,1000,329,471,56,56,56,665,560,1431,745,954,1018,336,130,1102,592,397,735,844,223,1298,223,2380,222,227,1310,286,893,478,241,60,234
5-Jan,138,,,,596,1480,174,338,872,695,1810,1480,568,46,1390,891,1190,108,831,2000,1330,606,1670,708,56,964,32,569,459,719,153,56,56,524,671,1395,1318,1370,958,177,800,1417,763,125,749,274,1443,1181,222,2376,223,227,640,366,612,238,243,60,233
6-Jan,464,,,,503,64,724,394,1030,984,2970,1450,564,1120,1110,685,1340,543,762,1800,1460,989,1230,775,56,899,32,540,1164,602,606,56,56,638,1870,1494,922,696,287,1225,871,1003,716,125,125,1269,2452,1388,331,1317,221,186,541,245,918,238,737,60,228
7-Jan,560,,,,548,642,728,386,1610,55,2990,2080,2050,1660,164,643,1533,437,1450,1400,1330,158,1250,798,56,632,32,549,1117,1314,679,56,56,680,1788,1453,964,228,346,1240,800,122,248,125,1111,1324,2433,1202,219,1570,394,205,640,229,335,662,1088,60,214
8-Jan,671,,,,705,71,650,633,1510,53,797,404,2640,56,63,1310,1396,95,1250,1950,1280,1870,977,659,536,536,19,329,1180,1281,329,56,293,1137,1816,1490,920,228,888,1252,56,125,292,125,187,1319,1852,310,219,2031,406,151,635,60,359,670,364,60,230
9-Jan,1720,,,,939,83,312,652,1370,1830,63,165,2670,52,179,1330,1290,51,2730,480,2270,2060,982,745,498,56,5,303,1160,608,56,56,451,1194,1847,336,1358,130,888,1252,69,125,494,248,675,1502,1259,223,219,1818,461,211,407,60,721,613,239,60,231
10-Jan,1600,,,,728,57,900,614,1990,874,655,1830,1490,50,55,1780,1505,250,1700,2300,2820,1050,1090,13,1811,851,5,258,175,281,56,56,767,1195,1806,336,1609,141,867,1991,228,194,795,153,238,606,1142,1138,223,1841,453,225,290,462,967,633,240,60,232
11-Jan,1690,,,,939,56,530,302,1540,288,49,84,1220,49,53,1920,1750,168,376,2600,2910,1030,963,10,2517,1770,18,352,98,520,690,56,394,506,425,1392,1919,298,856,2029,228,518,173,125,125,667,225,666,184,1960,325,227,357,425,230,595,275,60,181
12-Jan,1250,,,,162,478,131,85,1060,350,48,269,1590,48,631,1840,1490,1060,683,2500,2850,471,1030,571,2369,1858,56,329,98,688,674,56,727,56,358,1415,922,357,851,2760,1461,187,125,125,125,683,977,468,131,1971,254,244,346,86,842,256,240,60,60
13-Jan,2670,,,,110,1200,1970,50,1720,238,112,644,1560,225,865,2340,1326,1280,1190,1950,2790,84,43,790,1609,1975,56,258,963,625,798,56,185,816,639,1467,860,501,303,2010,1451,125,187,494,125,1274,227,422,353,282,223,227,356,470,1076,302,240,60,60
14-Jan,2780,,,,181,1610,1870,566,1260,48,690,1200,2260,52,1620,1200,1580,1990,1270,330,2760,509,863,540,1348,1135,56,1124,1219,451,694,56,127,946,681,1419,1506,287,298,1958,1408,823,576,489,653,1242,226,713,223,281,227,229,604,359,666,614,239,60,60
15-Jan,1560,,,,348,352,715,403,1080,597,946,366,80,110,1220,1210,1815,1460,845,580,1680,1320,623,529,856,1811,56,1016,1125,175,727,56,175,738,873,1426,1441,1459,908,1228,628,694,125,556,755,1285,1022,656,349,682,228,227,454,60,962,235,240,60,128
16-Jan,1540,,,,416,152,534,914,1160,137,1270,387,164,363,1070,1660,1680,1100,1200,1540,2750,838,944,852,837,1786,56,507,412,175,661,56,56,313,1782,249,776,2389,730,1239,1615,248,125,689,704,1311,1701,547,642,1023,228,297,653,60,1738,266,240,60,236
17-Jan,1390,,,,383,747,360,134,1600,826,1040,56,160,56,900,608,1310,926,2260,2885,1900,256,752,611,2407,1844,56,276,234,276,590,56,56,270,1674,260,1440,2987,238,1209,498,125,125,1064,697,1305,220,1611,292,883,228,285,479,60,1906,236,240,60,236
18-Jan,1750,,,,324,56,59,217,1700,969,1060,1030,161,134,950,444,1430,225,2020,1260,2900,974,884,840,1307,2188,136,322,234,262,649,56,56,270,703,1367,1453,3000,249,1251,336,125,242,787,784,968,219,2028,991,772,311,271,1339,60,1890,322,254,60,236
19-Jan,2080,,,,130,265,56,487,1630,881,222,58,408,1050,990,106,1236,48,1830,1300,2650,1210,812,1170,56,2123,56,293,249,259,115,56,56,293,574,1451,2760,1987,796,1023,1112,267,202,125,125,793,758,1954,1463,727,224,223,1650,60,1920,1262,239,60,236
20-Jan,2160,,,,62,138,334,453,1420,1070,56,46,1470,57,710,427,1270,1000,862,900,2300,626,44,1270,133,1834,56,945,821,245,115,56,56,175,1125,1397,2760,2430,2290,799,1181,839,272,294,125,1030,1221,1934,1518,474,230,226,1944,60,1729,1608,240,60,235
21-Jan,417,,,,59,914,820,393,644,1100,56,42,2620,57,840,46,1371,928,404,1520,2050,666,1390,1080,56,819,56,2648,792,209,56,56,56,1462,643,1402,2118,3000,2331,800,1199,747,685,125,125,913,1533,1918,599,632,231,227,1784,60,779,1535,235,60,236
22-Jan,1370,,,,57,54,780,249,1400,49,55,349,1930,56,850,526,1428,682,428,700,1950,1030,1250,1700,56,290,5,849,607,293,56,56,56,1322,244,1489,315,3000,2185,751,1209,784,125,125,125,1006,1851,948,537,734,231,291,1530,250,991,1403,813,60,236
23-Jan,2070,,,,59,1470,52,170,856,980,55,43,1540,107,56,917,1286,622,475,56,1850,414,1420,1700,56,351,5,293,678,408,56,56,56,1342,189,287,179,3000,2184,705,1193,199,125,125,140,1785,2193,1508,1906,601,185,218,1352,60,1478,1047,886,60,235
24-Jan,1390,,,,112,2290,637,1100,1860,55,933,42,505,55,780,998,1144,414,185,460,1800,1210,1350,550,56,1390,11,274,703,15,56,56,56,719,276,257,136,3000,2278,800,346,125,125,125,301,2017,639,1639,652,545,227,225,664,340,1827,1368,789,60,236
25-Jan,686,,,,2040,761,768,262,1940,447,1240,42,58,54,980,900,475,1160,48,1220,1910,1460,1430,100,249,1430,56,381,175,10,56,56,56,216,180,1275,173,2743,2495,228,298,985,381,125,125,271,703,1227,602,628,229,227,1124,693,1829,1402,239,60,537
26-Jan,233,,,,2920,64,270,858,2050,1170,967,42,54,407,800,960,46,44,266,410,1740,619,1030,1200,601,864,56,293,127,43,553,56,1319,175,168,1334,120,2760,2123,179,784,211,1243,156,213,302,225,103,1083,555,229,331,1471,675,1883,1443,239,60,233
27-Jan,1760,,,,2000,645,636,1060,1430,1270,507,41,52,127,700,1040,42,778,320,550,2580,50,247,550,385,579,149,293,1852,1422,504,56,398,148,179,1331,120,2760,1838,1081,739,171,629,125,125,1713,1490,60,1046,403,230,225,1392,427,1877,1436,357,60,475
28-Jan,1480,,,,2090,1210,1110,689,2150,448,54,47,51,54,890,60,147,44,800,1800,2880,160,1550,600,249,465,56,293,2508,816,115,56,412,724,120,1293,120,2120,1595,1186,656,125,484,125,890,1232,938,60,427,372,230,226,1429,663,1031,1787,1198,60,507
29-Jan,924,,,,2860,456,457,944,2340,174,1170,47,50,54,730,620,971,98,825,2200,2830,680,1590,500,286,192,56,322,634,217,252,56,1202,120,120,1288,120,2760,1645,2017,527,306,199,155,2483,262,647,86,479,547,227,225,1415,60,1057,1710,738,60,236
30-Jan,144,,,,2490,108,724,1970,2410,540,1170,46,51,54,56,670,910,205,637,410,2700,242,1550,650,56,133,56,287,648,56,405,56,1179,143,443,333,179,2760,2031,1708,990,125,125,125,1480,1234,288,184,543,615,228,230,1420,60,1511,615,725,60,237
31-Jan,245,,,,1190,66,368,1350,2650,1050,874,139,51,334,920,340,1120,44,489,980,2080,439,1270,100,56,597,56,323,234,56,412,56,1148,1392,502,298,365,2156,2032,1695,954,125,442,187,1904,249,255,557,520,726,227,232,1318,258,1655,1476,239,60,237
1-Feb,1200,,,,869,1020,62,2250,1720,59,610,53,665,724,680,370,1310,803,1620,1400,2120,904,1410,150,173,968,56,175,297,56,412,56,1242,819,120,483,1448,2119,2083,358,1033,125,365,125,1135,281,227,646,644,871,227,231,1314,308,1652,1803,236,60,432
2-Feb,229,,,,960,1040,59,2800,2620,515,154,54,502,495,520,410,523,1240,2710,740,1630,515,1150,1200,334,753,56,56,175,56,368,56,1251,783,120,512,1440,2138,2154,287,1150,229,468,658,663,284,225,786,224,231,227,231,1330,823,1648,1875,235,60,508
3-Feb,1790,,,,428,642,534,2210,2880,1660,515,372,2890,56,400,1300,773,1530,1660,215,1050,550,56,1200,323,872,56,56,203,56,412,56,1102,185,382,489,1423,2126,2101,548,222,182,457,125,700,273,231,649,224,232,227,231,1441,824,1730,1841,238,60,515
4-Feb,1520,,,,73,621,613,1490,2110,843,415,49,2690,56,400,1300,1130,1450,452,344,580,444,500,1200,293,882,56,341,234,56,285,56,398,180,419,512,1429,776,2213,809,1210,168,347,231,879,228,307,853,223,488,236,231,1362,748,666,1878,239,60,235
5-Feb,536,,,,852,694,1150,1560,2950,56,1020,48,57,57,410,1510,1070,1250,45,502,740,1620,660,1100,234,155,32,56,262,56,263,56,1224,185,424,476,598,765,2760,1371,1396,172,187,1447,904,283,1018,561,536,925,246,231,1349,190,610,1876,237,60,230
6-Feb,346,,,,453,62,1140,1290,2140,746,736,49,61,56,56,1270,1280,1110,44,1270,1550,540,1050,1150,258,224,32,56,1424,115,56,56,1106,175,465,0,228,1459,2760,632,1441,125,125,635,1061,219,225,378,1437,1010,247,231,1307,178,679,1780,428,60,230
7-Feb,1640,,,,406,1140,1920,44,1990,1700,2380,48,55,53,160,1520,1340,1060,696,1560,2200,210,750,45,56,730,32,56,660,56,56,56,1187,180,477,0,694,1508,2144,276,1050,125,384,125,2277,278,732,940,1461,475,243,228,1306,787,798,1875,846,60,230
8-Feb,1680,,,,70,559,1820,43,1430,775,1700,47,53,456,470,1160,1330,1450,137,1020,1850,180,923,45,258,830,32,988,245,56,56,56,1171,1428,228,1363,586,1439,777,130,997,187,506,854,757,282,446,357,1360,980,244,228,574,798,700,1856,239,60,230
9-Feb,228,,,,134,238,373,41,1830,350,920,46,435,56,410,1300,1470,1240,429,464,1350,620,500,1000,270,792,32,258,234,270,56,56,589,203,120,1621,357,1449,668,119,1459,125,494,752,125,219,399,355,937,820,242,193,1107,853,671,1765,240,60,230
10-Feb,594,,,,72,46,1720,39,337,53,704,46,415,117,61,1730,1030,1500,433,333,890,1600,550,550,329,880,32,258,710,233,317,56,56,169,238,1536,299,1071,663,323,1371,125,309,125,955,220,589,569,939,473,224,168,1250,811,716,1774,909,60,230
11-Feb,1220,,,,78,1780,808,38,236,54,771,294,53,283,59,896,1310,1300,66,695,1300,49,1150,1300,250,893,32,319,1613,115,260,56,56,383,287,860,340,1025,663,453,1395,125,371,125,125,281,331,546,588,220,229,227,487,561,325,1861,825,60,1105
12-Feb,742,,,,212,872,1970,334,515,276,1110,314,52,57,56,1240,1490,1390,21,865,990,49,1050,1700,313,610,32,293,2203,120,420,56,1096,388,298,925,251,1072,2124,286,1880,125,187,125,1713,404,322,554,593,220,225,229,501,60,338,1859,241,60,1559
13-Feb,610,,,,70,704,915,685,49,653,515,61,52,433,1260,1110,1150,1260,283,225,1650,49,1750,1800,56,496,149,293,1715,115,293,56,1063,341,333,932,1179,1555,2428,551,1922,168,187,538,2457,652,285,323,1124,219,225,226,791,60,1130,1863,241,60,1666
14-Feb,204,,,,67,665,1040,386,48,647,739,423,51,96,533,1220,1400,1180,60,634,1700,49,450,45,56,755,56,274,1598,56,234,297,1210,431,316,932,1176,1283,1210,406,1013,231,125,125,1798,680,282,697,980,284,226,227,743,65,1360,1864,241,60,1494
15-Feb,734,,,,293,2010,636,613,269,58,880,1450,51,60,58,749,1520,1240,43,1660,1850,49,300,45,217,990,56,270,234,115,293,56,1212,1158,305,1020,1262,1305,1220,217,1013,125,125,187,833,288,220,749,321,348,226,230,733,151,1289,1862,221,60,1570
16-Feb,220,,,,64,1340,630,214,46,465,616,43,51,56,1630,724,1530,1090,151,1210,2000,49,1150,250,56,910,156,293,234,56,234,56,1140,1243,336,1040,1192,120,2101,120,1214,125,142,125,125,288,279,476,228,331,226,231,765,236,531,1879,242,60,1582
17-Feb,1490,,,,63,119,1150,52,527,1160,708,214,367,56,66,1010,1660,1020,278,1530,1800,360,1400,300,288,980,56,263,228,175,244,56,1722,120,345,906,831,514,2088,429,1575,125,187,187,125,1125,289,1036,228,289,222,295,330,237,536,1874,241,60,1536
18-Feb,1350,,,,60,54,268,50,49,60,1130,46,126,185,501,544,1870,1260,49,201,930,380,800,45,263,1158,56,333,56,127,175,56,1930,120,466,1600,745,849,1435,371,1673,187,187,248,1862,1432,234,849,923,289,224,227,633,278,439,1883,241,60,1534
19-Feb,1470,,,,1010,52,128,49,168,125,1170,204,710,80,1100,882,1800,924,48,561,650,610,850,45,353,56,56,300,56,175,175,56,1879,120,130,1434,383,1282,2112,156,1612,187,125,125,760,1420,236,228,933,572,228,223,426,235,394,918,243,60,1534
20-Feb,986,,,,548,52,130,48,448,58,440,49,1010,67,436,909,993,932,392,605,1300,430,56,45,56,56,56,334,56,180,175,56,1892,239,145,623,394,1480,1097,168,1607,153,187,187,125,1387,297,228,1469,599,228,230,386,235,1011,693,242,60,1544
21-Feb,950,,,,834,1960,640,47,497,1370,283,50,316,68,57,1010,1220,812,95,1450,1550,49,56,45,56,1202,56,246,56,175,115,56,1875,1112,168,491,1193,1460,1064,168,743,153,125,125,125,1478,291,1006,738,223,225,231,162,1102,882,645,243,60,1541
22-Feb,1260,,,,156,1620,81,1000,54,440,518,48,52,205,56,2510,1270,147,661,367,1450,49,56,45,263,756,56,284,56,175,203,56,1849,1217,204,556,1217,1460,981,120,743,146,187,125,125,286,272,693,227,223,226,231,347,1038,673,1734,371,60,1370
23-Feb,1210,,,,72,125,300,240,51,1360,108,46,50,143,58,543,1520,560,690,514,1150,49,56,426,353,595,56,56,56,185,115,376,1827,1149,148,346,805,1457,733,179,2015,125,125,223,125,320,231,762,716,224,228,287,230,707,360,1749,354,60,1026
24-Feb,1260,,,,1850,59,52,42,46,1010,59,72,48,52,57,135,1180,1780,45,794,1500,49,56,352,308,1225,56,56,172,648,534,340,1911,1147,161,334,752,1429,166,179,2064,125,151,125,125,1360,302,668,226,225,262,226,265,602,468,1738,906,60,751
25-Feb,1200,,,,2910,56,54,1930,46,912,59,48,603,52,1600,43,1770,1840,43,52,520,49,650,435,797,621,56,293,203,56,405,56,1833,1171,120,681,700,692,166,130,2041,187,287,125,125,2013,231,667,287,222,227,228,383,615,420,1745,1426,60,1515
26-Feb,1000,,,,2830,556,1240,337,60,313,608,47,521,51,1450,750,1260,1630,43,106,640,150,1550,315,1087,56,56,226,56,56,187,56,2032,1145,125,669,412,643,379,298,2053,125,125,174,125,1872,193,301,344,484,226,229,328,357,420,1642,1382,60,1577
27-Feb,1600,,,,1200,1190,63,49,46,629,54,47,52,50,2270,1420,1210,1390,126,564,880,49,272,44,234,144,56,287,56,56,234,56,1842,1173,228,186,168,730,368,120,1462,125,125,125,791,2069,293,223,1341,495,228,228,1160,371,972,1514,1338,60,1574
28-Feb,814,,,,2750,205,846,48,122,54,770,47,51,50,3000,1450,1270,1280,45,506,1220,49,52,43,56,554,56,240,56,56,234,56,1801,1101,228,130,1132,800,573,130,288,125,125,125,832,974,295,1247,231,435,303,227,1269,1128,741,1539,1420,60,1570
29-Feb,,,,,,,694,,,,98,,,,2980,,,,44,,,,366,,,,56,,,,313,,,,130,,,,615,,,,125,,,,230,,,,226,,,,581,,,,2012
1-Mar,153,,,,1620,272,653,46,160,107,60,47,47,51,1750,598,1090,1860,44,543,1180,49,1490,43,258,451,56,56,56,56,334,115,1821,1209,168,906,1785,682,1062,113,287,182,248,174,685,1031,230,2076,234,469,225,232,1256,1435,809,1692,976,60,1351
2-Mar,111,,,,580,302,64,43,443,54,58,46,46,50,918,54,710,1060,43,725,1220,49,2170,246,276,505,56,56,175,56,368,56,1873,1106,155,191,1134,1653,228,120,678,187,125,125,125,1120,232,1684,872,489,227,262,109,1774,631,807,1037,60,1442
3-Mar,404,,,,78,330,57,42,47,54,58,75,48,464,869,48,56,1830,43,199,1300,49,2140,313,353,442,56,56,203,127,293,56,802,1156,168,432,1783,1614,288,228,519,125,212,138,125,876,855,1021,236,221,227,229,111,1801,652,745,1329,60,1379
4-Mar,270,,,,75,54,117,1430,159,53,57,269,48,152,849,47,1190,2380,43,581,887,49,1020,40,233,519,56,293,1072,151,352,56,945,1338,120,648,1622,669,498,199,107,714,1017,125,955,956,231,812,236,219,227,229,222,1943,1330,670,1352,60,1363
5-Mar,434,,,,1080,56,1680,1310,1850,53,119,49,263,60,839,45,1400,2130,43,288,1160,160,724,39,327,56,56,531,996,361,293,56,1092,1107,179,942,1440,669,120,300,249,677,185,206,740,911,230,485,234,426,259,230,345,1482,617,103,1447,60,1426
6-Mar,405,,,,634,386,370,1090,558,92,56,531,498,58,777,43,1320,1490,42,87,540,1800,710,38,56,56,56,571,999,175,308,198,1092,1075,168,947,780,1289,168,549,326,125,125,187,688,986,284,479,1634,475,270,228,554,1591,697,60,1120,60,1347
7-Mar,1750,,,,850,55,51,188,736,56,56,138,85,57,833,47,1170,1140,42,363,650,2100,292,38,56,378,56,607,982,56,305,412,914,1228,120,947,1732,1272,130,654,215,125,1539,286,231,865,320,913,784,486,226,226,526,1957,594,60,1054,60,1839
8-Mar,823,,,,1830,54,49,105,678,55,54,48,47,56,1060,46,1070,1070,1580,517,520,1840,55,38,180,514,56,298,175,56,427,394,1569,1120,120,1187,1722,179,1013,145,171,125,125,210,125,291,252,1781,611,450,227,216,537,2038,484,60,240,58,1049
9-Mar,58,,,,438,51,48,53,265,54,53,47,53,66,868,68,189,1320,720,212,450,1680,245,39,56,1103,92,56,175,56,293,56,1008,1119,179,1148,1429,1679,1587,179,215,605,125,146,125,222,231,1876,539,528,216,225,514,1992,377,60,410,60,1833
10-Mar,1180,,,,929,50,804,50,64,54,53,766,62,56,59,55,52,957,791,124,60,1150,177,39,56,465,56,56,471,853,382,56,310,1138,168,824,1440,1732,395,562,391,125,673,125,532,921,480,1163,723,534,227,226,507,1983,592,58,748,60,1979
11-Mar,1130,,,,640,50,67,327,55,54,53,672,246,193,56,61,893,858,122,55,60,1190,834,39,56,470,56,293,441,1015,270,56,175,1158,179,657,1398,228,375,757,349,125,125,125,1556,1068,583,952,233,479,228,226,859,1999,1233,63,696,60,1347
12-Mar,1000,,,,1760,176,56,488,51,54,49,487,777,55,56,247,1270,722,554,138,60,1240,1600,38,56,56,56,293,471,999,352,56,881,1232,120,734,1441,228,168,622,498,361,125,135,2019,1023,469,225,802,472,278,224,1184,1608,666,60,693,60,1373
13-Mar,1570,,,,2030,222,200,154,50,53,258,59,2060,54,55,198,1870,1080,50,174,60,1190,1440,39,56,56,56,234,175,1287,388,56,270,1123,120,419,1399,962,137,468,439,120,217,1016,1772,1036,231,288,928,479,292,227,703,1469,671,383,773,60,1340
14-Mar,1110,,,,2770,236,54,400,50,53,713,58,842,54,439,62,1700,55,49,151,60,838,746,37,56,446,56,293,56,541,400,56,1158,1227,120,406,1388,881,130,650,305,125,125,125,187,919,230,546,808,474,225,226,880,1855,621,582,431,60,1865
15-Mar,130,,,,2240,288,54,679,49,53,52,58,825,53,57,48,788,539,438,100,60,652,167,38,185,503,56,256,56,56,465,56,280,1166,155,323,666,988,168,599,305,187,125,125,125,222,234,791,238,411,226,226,1039,1917,609,409,239,60,1324
16-Mar,226,,,,1150,56,52,57,49,656,359,57,2180,57,360,463,934,1110,852,239,770,632,48,115,376,1015,56,56,56,47,589,56,162,1125,130,380,631,930,120,662,422,153,125,125,125,221,229,1760,1041,938,227,226,1273,1795,472,353,239,60,1408
17-Mar,1740,,,,269,56,130,55,49,1610,51,57,984,56,1380,158,2230,1850,1800,1420,300,141,47,166,470,270,56,56,56,158,441,56,1853,394,145,130,542,524,130,603,422,153,125,125,246,592,954,2054,466,541,247,227,1386,1782,447,1356,1093,60,1804
18-Mar,890,,,,192,55,52,289,48,830,72,56,95,56,75,50,2470,2000,398,1140,118,48,295,359,1026,198,56,131,56,97,412,56,1393,540,217,251,596,336,346,586,191,125,125,125,125,601,226,1092,412,539,236,227,1384,1647,1356,522,236,60,1346
19-Mar,858,,,,1240,91,698,1970,48,252,71,58,1690,53,61,48,74,2090,455,1840,40,476,206,405,796,56,56,150,56,156,393,56,2427,597,130,180,409,249,477,630,202,125,125,187,162,648,312,329,449,544,243,227,1372,1070,633,417,235,60,341
20-Mar,1990,,,,360,985,49,2890,47,55,50,57,739,51,56,50,60,1390,156,190,520,163,341,128,796,56,196,120,1381,170,469,56,2535,597,120,228,370,217,1086,620,194,125,125,125,125,520,285,341,485,502,227,227,678,1238,595,557,387,60,347
21-Mar,1590,,,,578,1260,668,1090,47,54,229,56,1260,50,53,289,1330,1510,105,634,50,414,1150,49,1825,1601,60,116,1248,157,481,56,2535,604,179,120,508,346,1074,626,205,125,217,125,187,683,285,848,328,508,227,227,1100,1605,630,480,436,60,632
22-Mar,1320,,,,1560,550,192,858,46,54,90,56,545,53,52,105,1130,1360,1170,843,160,171,1060,48,922,1547,36,120,1177,109,530,56,1242,872,120,248,506,130,1083,130,250,248,125,175,402,219,287,841,225,1354,227,227,1143,1518,656,627,454,60,676
23-Mar,1200,,,,1250,60,60,81,45,110,52,55,682,52,382,1060,640,1190,647,976,60,337,75,203,663,1542,36,98,56,187,521,56,897,253,130,592,472,249,544,168,1685,125,125,158,125,223,1166,820,226,536,227,227,1775,1564,605,515,498,60,650
24-Mar,2430,,,,100,57,56,430,191,55,51,99,671,52,1540,574,876,1130,214,975,60,1260,125,166,742,1699,36,115,56,157,531,56,555,263,168,546,418,287,120,586,1664,125,125,125,125,1885,1486,1608,227,351,272,225,1706,1212,637,1591,378,60,550
25-Mar,768,,,,75,56,56,56,207,54,51,1380,51,660,1170,673,1180,999,53,183,60,1880,159,45,263,1469,36,210,115,1263,590,56,56,238,179,1614,522,207,228,1242,1030,125,125,125,216,1761,905,1667,225,351,273,227,1759,660,1354,651,507,60,636
26-Mar,70,,,,832,54,440,129,250,54,50,1760,50,205,83,591,657,1890,51,24,60,2730,169,44,312,974,36,56,56,152,590,56,979,197,137,2153,179,228,556,698,1432,125,125,248,125,810,352,266,223,428,257,228,1706,363,715,629,501,60,243
27-Mar,156,,,,770,304,60,48,782,204,49,771,49,52,1650,900,87,1930,49,22,320,1840,499,46,401,954,124,996,56,787,498,56,1149,836,137,2041,130,267,614,709,1260,248,187,125,227,1033,233,267,476,391,223,227,965,398,578,639,386,60,478
28-Mar,68,,,,491,231,59,140,1990,162,219,51,48,51,507,1010,171,2620,48,21,480,1760,541,44,56,1661,41,187,56,115,612,56,640,730,120,2177,215,276,561,715,900,125,125,125,125,1096,235,125,352,398,392,227,891,1148,497,631,488,60,468
29-Mar,68,,,,420,232,183,217,61,54,48,48,46,51,764,2100,56,2760,188,20,60,1690,321,44,1135,1125,24,151,56,127,708,56,600,603,148,1853,217,405,130,454,950,125,125,187,202,410,238,0,220,328,304,228,1128,1170,232,636,468,60,416
30-Mar,66,,,,1020,56,1890,657,204,53,47,47,228,51,544,1520,55,1280,63,300,60,1920,47,46,262,1133,24,84,56,511,649,56,676,1283,642,681,442,298,120,346,1637,125,125,125,125,831,367,0,613,260,223,227,1144,1035,258,632,492,60,479
31-Mar,66,,,,1910,55,428,336,160,51,47,138,47,52,60,949,87,1520,397,26,60,1690,1450,44,1182,1178,24,56,56,2101,697,56,56,2500,674,1229,1400,346,179,768,2004,125,125,187,125,2041,1575,0,539,286,606,228,1125,1046,251,1593,498,60,233
1-Apr,67,,,,1880,52,55,53,162,207,177,49,322,67,470,52,1050,1580,460,96,60,1590,1320,43,1053,1165,24,130,98,1539,672,56,54,2500,780,1566,2094,298,145,704,2032,125,125,120,125,2045,782,0,222,276,510,224,1221,812,238,616,526,60,240
2-Apr,66,,,,1530,52,441,52,1150,56,48,48,1830,492,208,1550,1620,1800,228,55,60,1980,1440,42,120,376,24,115,56,510,671,54,563,2500,731,2097,2106,295,120,788,2000,125,120,187,125,249,222,400,215,530,602,227,1239,439,281,665,506,60,273
3-Apr,66,,,,1380,52,342,834,52,1150,1120,48,504,57,538,1860,1790,2520,49,55,60,1900,1480,40,56,376,24,56,92,1781,651,56,786,2500,823,2626,2049,287,120,705,1770,125,133,125,125,322,287,1467,730,595,480,227,376,419,357,612,458,60,240
4-Apr,61,,,,1050,1370,520,60,1560,1140,1130,48,42,55,1560,1670,1150,1950,48,1070,60,1760,1630,41,56,1690,24,56,56,484,679,56,688,2500,406,2523,1855,336,120,788,667,125,174,125,158,221,213,1716,350,629,225,227,217,1161,357,714,438,60,235
5-Apr,58,,,,2130,2000,57,57,790,708,1860,47,41,54,864,1780,3000,1970,366,278,390,2720,1600,41,1357,1503,24,56,134,449,709,56,722,2709,145,2633,1863,300,120,178,667,371,167,125,125,223,453,1546,221,581,225,227,60,1242,1464,690,235,60,235
6-Apr,57,,,,1790,1440,52,53,52,1470,829,47,326,1890,745,1370,3010,1480,46,437,870,2850,1480,41,1979,987,24,56,115,498,744,56,767,3000,161,2661,1946,406,235,117,770,493,125,187,125,279,223,2105,223,478,226,483,60,1111,1117,642,236,60,235
7-Apr,367,,,,91,446,56,52,108,1570,243,51,335,961,1590,665,3030,1880,203,414,650,1940,1150,40,1364,1658,24,56,115,456,507,56,56,1909,120,2259,1988,287,256,336,784,665,125,125,120,287,224,1134,348,264,229,226,60,1126,1110,1496,236,60,236
8-Apr,310,,,,1480,59,1030,1260,67,59,338,51,200,56,1610,53,3040,1800,161,54,60,2070,927,42,938,1883,24,56,115,456,465,56,56,1917,120,2159,2112,346,120,419,801,698,125,125,158,281,225,970,219,410,228,226,60,1253,1142,673,238,60,234
9-Apr,58,,,,1170,236,139,1840,57,56,82,50,41,53,1130,1790,3050,1460,392,55,60,1880,1100,44,56,1927,24,113,115,589,590,56,340,1257,155,2104,2107,336,154,550,746,721,169,233,125,221,225,797,223,477,228,227,60,783,1357,613,237,60,234
10-Apr,738,,,,1500,512,60,2770,252,1420,839,129,40,52,1820,2230,3032,1340,51,54,60,2280,1130,148,56,2152,24,56,56,528,544,56,412,1302,120,960,2050,444,120,517,650,689,141,743,125,350,224,373,366,495,294,227,60,827,1320,638,326,60,234
11-Apr,751,,,,1650,527,73,2720,579,341,1630,289,40,51,1460,2560,3044,1420,50,48,60,1780,1170,61,56,2102,24,56,179,501,586,814,399,2040,120,929,1991,652,168,452,346,689,125,715,158,224,224,1958,224,562,225,227,60,1042,1360,571,230,60,235
12-Apr,392,,,,1800,424,59,2740,50,661,706,48,37,50,1210,1350,3050,1270,54,643,60,2020,770,59,234,1985,34,56,92,958,559,981,290,1900,180,2194,2123,562,120,151,125,664,125,125,125,1415,225,2062,226,705,225,227,60,1099,1367,1503,230,60,234
13-Apr,551,,,,1930,924,59,2600,50,1150,287,46,249,50,1070,975,3060,878,48,1190,60,1740,785,202,287,2088,24,56,115,978,590,56,208,681,514,2215,1934,681,143,120,729,653,125,125,158,1432,295,2107,232,640,225,227,82,1201,1372,1616,227,60,797
14-Apr,1290,,,,1750,560,57,2030,50,1900,55,1220,747,57,1100,1360,3060,1320,48,1440,60,2020,691,185,257,2034,24,56,115,882,642,56,56,191,525,2095,2237,692,204,692,793,521,187,125,158,966,306,1567,231,220,419,227,128,1270,419,1580,314,60,235
15-Apr,1110,,,,1300,873,57,1860,748,1270,1600,868,152,55,602,299,3070,738,48,1300,60,1990,1200,173,275,1895,24,56,56,1587,547,56,56,668,364,2253,1774,503,120,613,798,530,125,125,125,1676,785,550,231,181,476,227,135,1144,419,1593,312,60,360
16-Apr,73,,,,1420,749,228,1800,516,378,1280,1330,483,53,66,1690,3070,715,49,59,60,2060,1200,134,56,2091,24,56,115,2159,590,56,305,536,412,2405,1997,443,120,632,1126,483,125,157,158,1427,260,219,231,207,410,227,60,931,664,1592,362,60,409
17-Apr,66,,,,1850,536,62,2130,50,960,875,57,1420,52,1050,1340,2800,979,48,197,370,2060,1340,162,56,1879,24,56,56,2752,511,56,398,1146,514,736,2076,441,120,584,642,272,125,669,187,898,224,220,112,172,331,227,65,2012,609,1580,294,60,531
18-Apr,64,,,,1800,1160,60,1270,380,900,502,51,50,53,1360,1410,1650,1630,47,1570,60,2020,1350,172,56,1835,24,56,56,2760,590,56,577,1100,477,646,2106,873,120,632,2003,272,125,697,125,1310,223,544,205,131,328,227,68,1901,672,1591,286,60,485
19-Apr,62,,,,1740,807,60,1480,1040,853,58,514,44,204,1720,1200,1780,630,467,1670,60,2160,920,48,106,1730,24,56,115,2743,569,56,1175,1238,503,1143,2142,854,120,179,493,272,125,667,125,500,460,643,377,174,226,226,125,2042,1031,1646,229,60,379
20-Apr,468,,,,1750,604,1210,1260,496,628,55,54,364,35,1510,867,1140,497,281,1570,560,1610,918,47,245,1410,24,56,128,2760,507,56,329,1495,789,1210,2111,878,118,179,1913,226,231,156,125,468,570,474,324,235,271,225,60,2079,647,1564,229,60,378
21-Apr,371,,,,1720,193,186,828,518,826,55,156,157,35,1450,796,54,1040,48,1640,1480,581,1300,48,757,1888,24,56,144,2760,430,56,56,1441,920,1238,1974,811,120,681,2700,248,125,125,125,1957,515,284,343,221,408,227,60,2094,237,1579,229,60,233
22-Apr,674,,,,1050,1340,121,824,79,723,185,324,1220,36,521,53,1180,532,47,1920,300,562,1370,43,382,999,24,412,190,2760,293,56,120,1483,1607,1181,2018,738,120,669,2930,353,125,125,125,1590,513,223,220,298,461,227,60,2028,239,1595,227,60,232
23-Apr,825,,,,1700,366,101,1040,409,84,631,160,1670,134,61,827,1080,1470,46,841,240,1710,1340,42,232,313,24,144,115,2760,394,56,1170,1399,1424,975,228,743,120,569,2885,254,125,125,125,1418,525,290,222,731,446,227,60,1281,272,1593,227,60,233
24-Apr,634,,,,1980,508,59,1140,50,236,798,624,56,35,1040,784,1490,418,51,58,670,1740,1380,42,56,503,24,56,198,2760,476,127,1366,1729,1410,228,228,806,120,702,2930,309,125,125,125,1650,172,289,762,321,479,226,60,905,320,1617,372,60,235
25-Apr,175,,,,1760,502,77,290,1090,29,1780,340,48,33,1680,794,1340,683,46,646,820,1780,1240,45,56,601,60,56,293,2625,554,353,1542,1822,1158,162,228,794,120,614,1909,217,272,125,160,1583,172,808,1310,602,479,223,60,534,549,1518,388,60,236
26-Apr,61,,,,1720,502,56,1160,643,550,1180,53,45,33,1430,804,1350,480,46,773,820,1550,1010,47,205,1775,60,56,312,2580,412,983,1777,1788,1216,798,371,828,120,715,1615,255,1167,125,217,1448,176,569,841,659,480,222,300,619,698,1583,338,60,236
27-Apr,57,,,,1760,1050,676,1750,308,28,83,51,498,32,1310,1050,1280,634,292,950,770,1250,566,806,251,1777,24,56,302,2760,412,321,1442,427,966,847,130,850,144,536,2363,290,864,125,125,1305,251,979,1068,597,478,414,346,867,883,980,364,60,234
28-Apr,78,,,,1800,380,60,2030,284,27,58,753,991,31,742,1300,884,1470,163,898,730,1520,838,57,315,1809,24,54,293,2760,429,583,56,287,945,841,799,820,156,708,2214,258,125,125,125,1145,881,1124,1141,222,535,414,187,899,861,1206,463,60,234
29-Apr,386,,,,80,1620,57,1840,50,26,1080,724,1000,31,60,2230,1450,1030,150,850,60,846,859,52,202,859,24,530,203,2106,424,340,56,755,825,820,346,454,136,616,2375,235,125,125,125,1243,191,965,1478,222,475,407,223,913,739,1228,98,60,235
30-Apr,1880,,,,1740,1670,74,214,50,26,451,283,623,36,58,2950,1740,1740,159,773,60,57,993,57,276,682,24,268,293,2043,400,352,1296,1062,952,862,130,454,125,692,2437,301,125,555,125,953,219,949,1481,224,352,448,265,360,985,1591,112,60,235
1-May,1450,,,,1810,1420,57,1340,50,661,558,1460,49,35,962,3050,1360,1600,122,61,790,39,1020,41,56,597,24,302,262,2031,311,353,1333,1668,904,239,130,287,134,991,2586,301,291,602,125,1244,220,1189,1673,228,415,411,243,351,1383,1224,111,60,236
2-May,1740,,,,1720,677,56,1410,680,735,60,1650,46,35,1210,1570,1050,1539,108,489,1000,38,959,40,56,640,24,282,276,1656,329,1617,1215,1603,693,168,141,406,287,1015,837,232,125,552,162,1289,220,1000,1509,224,415,301,187,611,1448,1373,128,60,224
3-May,1510,,,,1760,1170,55,1180,50,1550,134,788,46,279,1850,1400,798,47,147,148,480,40,604,39,160,487,24,316,287,1116,293,1992,1408,1670,706,168,359,454,228,526,1345,416,158,609,125,532,222,1214,1634,319,397,227,280,244,1273,609,153,60,233
4-May,72,,,,1750,330,55,863,1800,1780,60,147,1840,61,1770,1680,421,50,148,54,60,37,277,43,307,569,24,287,276,1379,269,1993,1406,359,444,125,168,395,120,465,1721,389,494,537,125,367,260,1486,1530,222,413,227,120,60,1367,1247,129,60,234
5-May,1720,,,,75,66,59,980,2060,1020,58,1770,56,34,1800,1220,51,1008,154,885,720,168,959,47,397,530,24,321,234,2506,353,2054,1620,173,478,120,967,308,120,1796,1435,372,516,125,125,1187,220,1251,569,222,369,225,103,60,758,1052,137,60,234
6-May,832,,,,72,1380,54,687,1170,641,635,1870,65,357,998,860,1450,1680,53,1330,60,28,989,112,562,530,24,293,293,2181,287,2014,239,567,508,233,758,406,120,918,1304,257,125,125,125,374,220,1033,223,222,413,336,388,442,676,894,150,60,235
7-May,108,,,,1340,1860,54,446,61,72,269,1760,55,144,59,948,522,1900,58,1350,60,28,852,104,575,478,91,293,246,1988,566,2102,1177,548,429,346,120,357,120,859,1690,232,125,653,125,213,750,291,223,142,326,356,255,439,610,1925,128,60,236
8-May,90,,,,1860,2100,714,534,58,1120,639,1880,53,35,1320,1140,394,2060,58,58,60,26,963,145,56,522,24,222,352,1882,625,2226,1915,541,553,579,120,454,502,740,2333,320,796,641,187,353,198,901,943,60,412,1801,266,497,927,1992,427,60,235
9-May,73,,,,520,2380,232,57,1120,215,802,1850,50,34,832,1140,1710,1760,128,1000,430,226,1020,108,56,1407,24,293,335,1184,649,1967,1961,589,1282,228,480,323,502,692,1071,301,644,1071,125,1178,883,1205,1069,60,417,990,219,451,678,1929,249,60,413
10-May,72,,,,1330,1830,63,949,1660,200,347,60,55,33,945,1030,1640,1570,195,720,110,983,816,154,888,1391,24,287,335,696,619,2740,2007,578,1430,394,471,406,419,179,1804,301,733,934,125,1195,948,972,1054,60,416,1064,214,547,863,1829,190,60,222
11-May,72,,,,854,227,264,759,1600,60,425,57,91,32,1230,978,1320,1380,249,1800,55,879,836,481,1379,1238,24,317,335,1085,175,2760,1926,514,2126,412,364,364,287,120,2760,232,1104,605,125,1302,919,1302,1261,60,415,1931,60,557,578,1577,91,60,236
12-May,364,,,,295,284,109,1350,1640,607,58,1820,1100,835,61,1240,125,1820,179,859,1010,245,983,584,1405,1528,24,334,335,847,175,2677,741,525,1839,1368,434,153,168,681,2549,232,1127,125,125,1334,222,792,1013,60,417,1719,60,941,513,1628,256,60,851
13-May,400,,,,75,862,101,1340,344,61,859,642,1330,1210,78,1320,1360,1630,161,375,63,57,947,1000,1204,1352,24,402,352,1005,115,1693,709,1021,1754,1655,496,179,478,650,1291,301,742,125,125,1253,224,1260,288,60,415,1245,251,657,810,1617,457,60,642
14-May,72,,,,710,1630,480,1310,59,60,51,695,1230,300,57,1720,1190,1710,56,537,61,1000,996,1080,608,720,24,353,322,1133,175,1564,1486,1369,1378,1896,168,196,372,650,1649,257,153,678,125,1302,222,224,274,60,353,1281,112,441,921,1655,307,60,585
15-May,72,,,,1550,1940,241,62,58,1280,489,1640,55,46,228,1390,1370,1780,237,663,871,896,993,1020,56,569,24,293,357,1330,175,1662,1482,1167,1328,1899,221,120,502,709,1333,125,442,678,120,1214,223,288,582,60,418,1542,138,552,861,1616,853,60,598
16-May,70,,,,1570,1060,89,59,1570,226,97,1780,49,40,2230,1670,1540,1830,282,1190,911,892,979,52,56,814,24,308,352,768,234,1616,1365,346,950,1059,514,524,502,650,894,125,522,817,125,1160,223,225,474,60,419,963,357,1115,1090,1653,1170,60,495
17-May,70,,,,1340,503,207,1800,1890,467,52,57,48,1340,174,1680,1800,1450,199,1430,598,862,890,204,1183,1155,24,347,293,768,234,1598,1067,335,855,1054,395,238,461,130,967,309,662,738,125,856,238,1519,528,60,415,903,469,1205,1370,1650,1556,60,516
18-May,70,,,,1320,1430,1450,1510,1790,1180,51,52,48,139,693,1760,1630,58,51,1620,1070,939,583,1630,435,2010,24,347,352,1060,234,1533,56,378,763,1180,378,346,120,130,1003,248,725,711,125,849,225,1382,603,172,400,1795,925,1263,1365,1437,1531,60,554
19-May,204,,,,75,385,1030,643,975,1270,51,452,147,63,57,995,1780,1640,250,1420,1650,862,1000,1050,397,2082,24,293,352,1243,234,56,56,416,748,926,454,226,168,454,1003,341,461,639,192,526,228,1438,597,223,503,725,526,1452,1058,1431,1030,60,520
20-May,72,,,,73,124,65,1650,1830,420,51,567,861,56,54,624,2730,1770,361,1500,1160,181,972,1560,246,2019,24,353,293,1108,115,56,56,276,762,1265,483,542,565,454,1003,294,432,494,125,619,308,1094,223,223,478,898,622,1469,1035,1700,908,60,376
21-May,70,,,,798,348,361,945,59,60,51,603,1270,937,53,1380,3020,1610,166,1480,95,879,908,1260,710,1379,24,234,305,1373,234,56,1156,554,1154,781,228,162,477,782,1003,294,371,494,133,552,621,971,225,1234,443,959,528,963,852,1755,983,60,347
22-May,70,,,,1060,467,61,59,59,1320,244,790,1280,57,531,1150,2940,1570,182,215,1420,1070,754,365,56,896,24,293,293,1218,234,1058,1494,1028,1493,465,228,464,620,562,784,125,677,494,125,792,222,714,895,430,608,1065,251,967,780,1464,1041,60,432
23-May,290,,,,556,1040,133,60,1480,959,152,981,661,51,1340,1240,1940,1780,172,600,1010,320,930,115,56,1345,24,293,293,713,234,311,1735,765,686,449,514,594,765,632,612,125,711,617,125,696,222,308,856,522,538,819,165,1154,1226,1747,784,60,354
24-May,2100,,,,857,140,61,1190,460,1770,60,61,57,665,1220,1500,1840,1740,262,440,994,455,839,123,900,1457,265,287,293,640,115,333,1530,839,729,532,800,478,782,681,432,369,1480,322,148,583,885,484,820,473,714,224,179,962,1330,1795,826,60,409
25-May,1080,,,,1310,244,1210,1620,151,1760,1580,60,1250,186,1070,1290,1530,1240,306,56,1770,515,216,580,959,1578,24,294,293,654,234,899,1773,346,716,597,573,478,681,943,645,335,916,315,432,217,221,221,286,504,227,650,210,1148,1408,1751,334,60,312
26-May,1220,,,,73,212,431,444,280,1240,53,1420,62,386,1580,875,56,1580,247,162,1520,201,274,39,833,1609,24,294,56,1302,234,1132,56,514,632,645,774,466,238,953,758,370,125,432,125,521,412,225,769,565,541,1303,227,1046,741,1253,549,60,
27-May,900,,,,72,143,1190,222,535,1080,50,1300,582,363,63,50,990,1710,50,56,1550,85,892,653,828,1648,24,252,56,1183,234,298,56,681,622,632,800,454,238,2171,678,346,432,125,432,513,448,227,588,60,539,1321,192,1070,287,993,545,60,
28-May,1210,,,,1140,328,64,1400,60,65,721,1670,55,510,57,70,1490,1790,294,56,195,181,1010,852,849,1340,24,335,56,768,293,56,56,1058,622,1091,454,228,1097,2760,811,404,125,432,125,529,557,701,230,920,540,1281,223,734,546,1552,547,60,
29-May,1200,,,,919,1160,62,104,67,1640,122,1700,51,99,54,2470,1450,1620,129,56,736,904,814,871,621,1402,24,234,56,1064,234,56,56,1127,622,501,513,524,1060,2760,1628,433,432,425,125,522,700,222,524,887,540,1358,484,232,673,1444,550,60,
30-May,1020,,,,920,939,61,55,62,1170,133,1050,46,54,952,2939,1390,1720,191,56,1830,775,961,671,56,1965,24,346,56,649,321,656,1068,1161,622,489,513,514,1108,2760,633,125,432,432,432,508,589,533,883,375,613,754,188,548,634,1385,550,60,
31-May,912,,,,958,1140,60,71,111,868,170,275,44,52,869,3042,1180,1350,204,1300,1640,948,774,210,56,1891,24,323,115,590,381,1134,1678,1132,681,648,573,514,868,1869,751,803,432,432,430,525,1147,524,816,549,728,231,463,558,715,1277,720,60,
1-Jun,320,,,,894,1230,60,68,144,871,53,60,43,49,752,3060,56,1280,162,490,1410,904,813,703,442,1903,24,233,56,1242,471,1173,1700,919,681,940,514,573,855,2207,1171,1014,432,432,432,525,970,532,908,930,663,640,370,596,681,859,232,60,
2-Jun,1030,,,,70,921,222,225,326,1130,52,1790,50,635,845,3060,54,1710,202,223,1710,830,1350,915,352,1928,24,293,115,1092,726,1222,1281,854,928,1387,514,514,791,2166,1297,903,1236,448,125,520,967,599,944,809,995,733,478,548,676,837,548,60,
3-Jun,1490,,,,67,1850,414,787,751,772,1230,151,50,1180,467,1270,642,1640,295,632,746,46,1330,892,524,1834,24,1219,56,1242,756,512,1229,1120,926,1176,514,514,1063,2095,1560,1057,432,125,158,867,807,543,701,60,763,545,376,491,247,1102,543,60,
4-Jun,1620,,,,910,1480,60,567,66,60,1010,76,545,1560,59,1540,900,1730,542,473,161,814,1370,1472,405,1405,24,915,175,1005,708,56,930,1128,932,978,526,120,1043,1214,1032,669,125,432,324,738,760,790,225,775,768,672,314,712,702,1300,545,60,
5-Jun,1710,,,,324,1070,810,55,65,330,1270,1000,55,1130,1510,1340,1050,1670,772,1210,1300,983,1360,1010,217,590,24,1361,85,886,925,353,960,435,1578,358,168,867,1054,1726,930,410,432,432,125,646,705,627,539,681,911,685,586,340,799,1321,547,60,
6-Jun,1090,,,,756,1590,170,55,283,1110,1290,1790,54,730,848,1370,934,1730,979,1120,1190,1250,1540,55,234,388,24,889,158,649,643,376,917,435,964,228,584,1418,1041,1632,1001,125,432,432,345,827,220,533,538,710,953,855,136,824,745,1432,543,60,
7-Jun,68,,,,1170,1420,62,289,1410,1520,1290,1550,54,1600,933,1930,1300,1460,1200,871,1240,1100,1580,55,1017,1552,24,750,98,602,709,848,1232,417,2575,395,657,1505,820,514,958,692,432,432,345,632,693,830,536,1137,680,231,459,894,800,1003,694,60,
8-Jun,67,,,,1630,1210,1630,127,1530,1720,969,1410,685,1060,1190,1900,1120,1280,817,438,1270,854,163,1310,1249,1521,32,293,56,2198,747,109,1624,417,2660,376,739,1440,770,298,1178,676,600,432,521,518,771,593,539,1005,613,671,377,785,740,1126,235,60,
9-Jun,614,,,,75,714,1220,469,758,1700,60,1520,47,57,1420,1930,58,1650,923,604,416,498,1120,1530,1276,1784,497,287,109,1898,762,56,1144,162,2669,395,1140,1424,769,1521,1183,713,909,617,125,1483,1391,954,539,699,765,549,328,913,725,1110,451,60,
10-Jun,1240,,,,64,1810,1010,394,106,1120,1290,865,653,1150,1090,1670,868,1710,901,1200,68,60,1070,1490,976,2635,31,767,56,1165,708,412,1149,417,2660,1315,1104,513,1555,1606,866,801,433,125,127,1219,809,1380,777,60,707,609,320,845,234,1195,548,60,
11-Jun,340,,,,52,1730,1600,139,1660,66,1260,1490,495,1190,499,1700,1080,1790,1460,1320,66,673,1070,1430,56,1467,24,470,175,1348,768,56,291,417,2760,1374,681,179,1540,1832,1175,619,125,432,359,1211,1181,765,593,802,778,585,366,706,858,1174,603,60,
12-Jun,174,,,,45,1560,1700,56,82,1710,1430,1510,1430,1020,1150,1630,1220,1710,1140,183,1330,509,1240,1430,136,1145,310,519,175,1438,679,368,154,789,2760,644,681,880,1613,1792,976,432,432,432,125,1253,919,1056,596,746,680,592,536,238,668,1625,540,60,
13-Jun,923,,,,46,2260,118,56,1230,1500,1230,1690,830,213,1490,1160,1450,1440,1700,1130,1290,730,1130,1040,131,1681,24,293,234,590,780,56,1415,800,2760,634,1058,868,1613,1785,1178,309,432,432,603,1119,289,571,1067,664,1059,767,60,812,627,1548,546,60,
14-Jun,1020,,,,696,1740,63,56,930,1270,1320,756,54,1290,1420,1260,1530,1340,1820,331,1210,613,58,587,1111,1708,24,234,115,495,800,56,1499,756,2739,632,1087,1054,1613,722,1070,1201,338,432,427,937,546,755,1104,716,866,230,377,672,667,1462,707,60,
15-Jun,160,,,,880,568,1650,55,935,932,1180,61,888,1390,1480,1130,1020,816,1560,608,1100,606,55,1750,1282,1870,24,234,56,1127,744,56,1493,643,2760,454,1005,785,700,725,1799,1231,1140,432,337,946,526,551,984,804,903,544,376,661,588,952,238,60,
16-Jun,73,,,,931,316,1450,55,524,1000,60,524,638,1280,1550,977,177,1610,1170,1290,1320,680,1100,1770,1119,1641,370,293,246,1137,724,56,738,429,2760,395,673,676,688,673,1740,1195,555,432,125,1217,528,1337,695,539,544,548,327,643,758,521,548,60,
17-Jun,220,,,,56,1200,331,55,393,62,686,823,1390,1230,1000,60,1660,1690,1230,1150,1100,60,1100,1460,1491,1521,24,391,293,1183,706,56,673,632,2760,454,726,524,1834,539,1731,1252,432,125,521,1190,726,598,717,60,593,546,324,660,399,689,651,60,
18-Jun,710,,,,1450,1020,892,55,62,60,1410,1390,1450,1500,527,1230,903,1810,783,1400,66,1260,1180,1190,1441,680,24,276,197,1147,642,56,1141,730,2760,620,715,120,1060,573,1353,1193,125,432,432,1390,747,690,224,587,601,696,378,694,619,907,706,60,
19-Jun,1870,,,,249,2120,1790,55,62,1140,1300,1280,650,351,1440,1100,1180,1900,530,65,1070,1430,1150,61,403,540,24,260,364,1135,646,56,1202,918,2747,810,715,1196,1120,632,1591,495,432,432,454,1705,711,225,728,640,542,1398,544,260,597,889,674,60,
20-Jun,588,,,,325,709,1620,56,467,1170,1450,1230,189,54,1580,1190,1820,1730,175,1490,1300,1630,983,63,280,1181,424,293,856,463,676,98,1209,908,608,767,1157,1261,1161,632,445,125,432,432,412,1534,346,519,541,620,602,1553,60,495,597,1021,548,60,
21-Jun,101,,,,67,350,64,743,1410,1220,1300,65,49,1240,1090,1390,1760,1410,744,1460,1150,1460,57,223,1302,1234,24,270,281,434,649,56,1168,908,692,757,1167,1313,1409,632,125,897,617,432,239,831,533,595,534,568,789,1415,410,521,644,964,711,60,
22-Jun,73,,,,630,658,1650,306,626,1210,1310,60,1020,868,1090,1330,1710,561,1070,1190,1250,1420,53,1660,1521,1556,24,224,335,1029,819,696,1076,454,1811,826,1175,1287,1386,670,1688,731,432,432,505,775,605,544,543,549,297,1459,324,549,917,983,234,60,
23-Jun,72,,,,59,76,1110,182,1240,1720,77,1610,355,1030,1090,894,286,1490,1130,1370,1220,587,1480,1820,1348,1628,24,276,1227,1018,691,1369,56,405,1181,798,1612,1365,1386,632,1553,803,885,432,873,1104,600,669,540,550,539,1379,326,539,841,617,550,60,
24-Jun,72,,,,59,1000,709,121,585,68,1490,1590,49,1350,1460,63,1280,1360,1290,1240,527,53,1540,1560,1460,1578,364,565,554,957,700,1418,56,379,902,818,1220,644,1328,584,1550,643,432,125,771,1121,1147,778,721,60,542,1422,322,494,462,812,553,60,
25-Jun,1750,,,,374,1450,424,172,1140,67,1430,1250,49,1430,448,1200,1350,1420,1470,1380,66,992,1810,1740,1574,1067,41,1339,276,1029,602,1366,1191,993,1054,818,852,657,1029,622,1589,505,125,432,390,1107,1028,817,1226,613,600,1568,315,719,767,688,554,60,
26-Jun,318,,,,844,1640,503,312,61,882,1710,869,48,1200,785,1260,1340,1340,869,714,1180,533,1970,1770,461,607,24,1440,381,1150,626,1328,821,640,1031,513,894,1270,697,562,1598,617,740,432,1562,1151,1404,406,526,565,613,1532,524,234,887,690,547,60,
27-Jun,72,,,,1180,1730,65,54,1800,854,1440,1560,48,600,813,1070,1310,1450,1340,1750,1410,1150,2740,1180,323,1445,24,1355,1170,364,584,1934,1241,790,637,513,925,1253,989,681,432,539,458,427,870,1230,1215,818,1004,686,538,783,60,614,902,1001,546,60,
28-Jun,72,,,,1350,612,191,53,1980,950,1590,1520,46,903,1250,1270,1380,930,1820,1610,1680,1100,2000,552,1344,1434,296,685,293,340,590,1732,1280,863,573,598,1216,1276,953,692,125,520,371,427,445,485,617,738,829,554,703,295,365,564,936,953,707,60,
29-Jun,70,,,,935,654,739,478,965,1740,1550,1830,640,909,727,1370,735,1160,1970,1470,1390,972,992,1640,1407,1601,34,175,234,1259,642,1607,1164,454,987,724,1226,1285,483,622,1651,474,432,425,494,200,662,593,459,558,226,609,377,501,847,713,225,60,
30-Jun,512,,,,59,120,220,600,492,1710,62,2050,699,984,563,707,66,1570,2100,1680,1400,147,1590,1730,1178,1596,24,175,436,1396,515,1655,287,454,898,747,1226,1295,718,632,1443,418,432,427,125,1488,736,600,1137,557,549,547,320,503,776,596,548,60,
1-Jul,1130,,,,66,1690,606,1200,59,777,1570,1680,1310,655,295,55,1620,1350,1530,935,1100,62,1630,1760,740,1670,314,524,436,1265,720,999,175,1572,1792,699,835,740,1409,622,1006,557,432,125,1289,1012,644,668,1011,97,600,547,369,549,233,555,548,60,
2-Jul,1610,,,,1680,740,1050,1460,58,65,1650,1360,1410,63,102,1390,1670,1250,1320,343,70,1280,2740,1020,1143,697,36,352,353,904,641,865,1234,1446,1285,674,656,740,1012,681,992,433,123,427,1175,1410,650,708,778,559,546,542,319,751,923,1018,550,60,
3-Jul,1110,,,,807,1710,224,61,187,1680,1160,1580,1250,59,55,1060,1470,1310,604,63,506,860,1960,1020,626,639,24,523,429,674,649,1350,819,1527,637,679,454,1284,995,910,432,433,465,432,704,1149,867,225,865,608,545,547,520,294,804,1226,549,60,
4-Jul,340,,,,270,75,64,60,71,65,60,1090,48,60,53,44,1420,70,180,820,72,406,88,835,276,929,24,311,329,321,598,913,627,1083,636,748,454,1277,903,967,432,505,432,432,764,1349,850,540,798,629,553,755,60,497,863,1723,548,60,
5-Jul,114,,,,793,1480,64,58,1050,1090,1550,1420,44,193,945,715,1510,567,255,1460,1290,1110,1150,251,743,1442,327,395,365,379,690,2626,1006,681,628,738,514,1126,573,995,125,900,1412,740,432,1590,1396,720,528,576,704,230,324,499,722,1642,724,60,
6-Jul,70,,,,914,548,988,152,671,844,770,197,750,583,966,444,1580,63,514,1760,1230,1160,378,1570,1540,1747,24,175,499,1478,678,2625,501,1607,1348,703,952,1114,526,1026,1493,1026,870,432,432,1681,1043,538,708,568,228,546,324,499,828,1726,235,60,
7-Jul,1340,,,,59,149,391,600,667,62,63,958,1010,1270,1090,1160,1230,1170,305,1800,1170,480,1510,1980,1810,1714,24,293,814,1183,649,2675,513,1560,1320,914,942,1078,238,1010,2016,445,1193,678,371,1570,1165,541,422,993,546,551,322,517,852,1721,549,60,
8-Jul,1080,,,,59,1290,146,276,1070,59,1520,1170,1260,1150,714,60,1850,1270,976,1390,1320,50,2640,1850,1799,1654,327,448,619,1366,667,2760,499,1551,1386,872,942,1655,893,931,1455,743,476,740,555,1451,1142,536,837,433,549,547,324,499,318,1737,538,60,
9-Jul,1350,,,,1350,742,1210,638,1310,59,1840,1030,1400,1140,60,1290,1540,1690,569,1440,67,1100,2850,1500,1782,1246,24,590,642,1325,578,2719,1129,970,1401,883,942,1655,934,1027,1459,849,820,858,621,1425,845,727,846,1000,607,556,368,681,782,1751,550,60,
10-Jul,1880,,,,1200,391,66,566,66,240,1860,1310,1110,1210,1040,1490,1710,1780,650,1170,971,1090,2860,1810,912,1013,24,602,581,1366,685,2280,861,871,1401,788,942,1863,573,1001,1369,527,1443,1142,463,1130,804,311,1007,650,729,525,565,238,661,1406,552,60,
11-Jul,450,,,,1080,180,62,118,1690,62,1740,767,714,91,1170,1340,1860,1130,646,1600,83,1320,2000,1060,817,1538,24,653,542,645,566,1822,1041,946,1099,793,935,1846,997,1026,648,493,1270,957,494,1585,222,535,451,562,660,755,60,525,586,1228,555,60,
12-Jul,1330,,,,1180,536,61,1260,1790,295,1710,1160,133,1140,1350,1450,2770,1280,1570,1430,162,1330,1880,1090,1742,1693,24,1443,352,495,626,2168,649,1078,1137,952,1210,1829,670,967,661,495,1219,1033,494,1667,729,712,63,629,693,229,342,556,552,1802,738,60,
13-Jul,922,,,,1880,1010,60,327,1750,63,676,61,1730,1360,1300,918,2220,74,1430,2020,958,1660,1420,1910,1810,1901,24,233,412,1385,649,1991,400,395,1933,874,1198,1887,562,993,1464,432,713,965,432,1629,868,524,1268,631,447,546,315,535,548,1723,235,60,
14-Jul,1080,,,,606,69,148,577,79,63,63,1580,1860,1330,1440,647,860,1860,1510,1850,985,1380,1750,1850,234,2097,272,293,596,1444,658,1870,605,395,1902,894,914,1875,215,1160,1565,427,661,431,125,1561,804,545,797,553,680,571,296,529,735,1724,549,60,
15-Jul,1990,,,,63,1590,590,514,137,63,1640,1720,2690,1180,1250,56,1820,1580,1760,1670,67,65,2150,1880,1622,1962,293,1274,601,1438,609,909,649,919,1202,880,522,1618,1018,1147,1589,432,432,125,494,1622,537,532,1313,123,736,544,294,493,296,1722,552,60,
16-Jul,1970,,,,1220,1260,1340,1040,66,63,1700,1730,2970,96,64,1570,1540,2000,1470,315,64,1540,2040,1800,1817,1767,106,590,654,1331,577,910,596,957,1931,889,514,1661,1181,1480,1589,555,125,1010,792,1532,722,731,222,637,794,541,327,691,547,1726,550,187,
17-Jul,1980,,,,1560,1340,1750,212,62,64,1730,1710,1930,363,1250,1220,1330,1650,752,331,1070,1590,2040,1710,1100,1375,123,513,662,1367,625,1815,561,1024,1946,1165,168,1659,916,1538,1591,555,588,1058,721,1270,804,251,653,484,938,539,571,233,538,1579,550,112,
18-Jul,2230,,,,1040,941,76,58,81,64,1690,1660,985,60,1450,1120,1430,1470,563,1240,1260,1380,2270,1770,685,1808,168,566,523,656,655,1834,736,952,454,1205,1001,1638,1137,1002,939,569,747,1102,812,1368,221,537,1000,566,996,756,60,504,549,1705,551,60,
19-Jul,1720,,,,1050,1530,62,329,59,151,969,1630,49,1020,1600,1090,2060,1080,1650,1150,1670,1320,1600,955,1796,1575,164,1746,378,1129,471,1663,855,987,454,822,893,1645,1148,1047,1053,1034,407,1023,769,1077,533,533,943,431,954,228,310,493,547,1775,742,60,
20-Jul,1680,,,,1030,1000,749,393,265,64,1500,67,1270,665,1730,1540,1340,67,1450,961,1600,1460,1060,1680,1832,1897,162,1418,412,1349,437,1641,946,529,1376,1081,942,1656,573,989,1593,968,427,1002,469,1114,511,522,890,495,226,540,335,497,546,1560,234,314,
21-Jul,1360,,,,170,64,1480,301,221,95,65,1550,57,1080,1880,1050,1330,1380,1490,929,1570,55,1390,1550,1747,1465,166,1473,631,1410,412,1578,839,454,1357,1066,928,1594,573,1498,1524,988,407,432,125,1400,533,538,359,668,540,542,321,500,734,1666,549,645,
22-Jul,816,,,,183,892,1360,237,1290,63,1860,1660,44,494,1890,1020,1610,1130,1500,480,1490,1130,1220,1560,1092,2080,175,1746,565,1378,412,939,613,1327,1386,1108,942,899,1799,1456,1484,968,432,279,858,1123,470,537,719,60,573,545,324,495,238,1690,548,380,
23-Jul,678,,,,1690,1050,1220,297,59,64,1780,909,197,473,1160,1380,1300,1460,1910,61,66,1860,1280,546,1207,1863,175,1746,694,1423,471,654,381,1406,1345,1108,620,888,1812,1379,1559,928,125,1023,688,880,525,765,196,375,548,543,295,734,561,1677,553,374,
24-Jul,1410,,,,1110,338,1330,616,58,1190,1830,62,0,53,1170,1130,1420,1580,2590,173,1140,1930,1450,600,476,1338,441,1817,1077,1417,471,1720,791,1032,1386,704,508,1286,1846,1489,1236,700,432,1041,460,868,841,345,839,376,537,540,541,226,575,1616,551,379,
25-Jul,639,,,,604,1490,65,177,873,632,1790,57,36,53,1660,1440,1320,1390,1450,1120,1180,2120,1450,308,442,1809,630,624,1087,1326,471,1861,702,785,454,681,840,1289,1846,1550,732,705,432,1079,451,840,229,590,910,438,518,757,60,505,552,1678,545,355,
26-Jul,1230,,,,1220,1310,62,1210,1740,879,1810,57,30,528,1430,1380,1430,1060,1810,731,448,2080,1040,278,1013,1870,772,535,506,834,486,1809,1027,816,454,948,840,1333,1846,1228,671,1346,711,1065,489,806,855,536,944,376,731,668,322,498,549,1693,721,60,
27-Jul,1450,,,,1160,1700,698,1350,73,689,1430,57,950,694,1420,927,1250,725,1690,894,909,2330,705,1730,1207,2072,56,353,363,1071,531,1836,1066,464,1386,948,840,1440,549,1053,1749,1339,858,1065,462,806,540,535,921,364,228,792,317,492,549,901,232,381,
28-Jul,1880,,,,63,66,224,1290,1390,1600,68,1510,2180,878,1170,1040,1240,1400,1390,316,864,2130,1300,1650,1164,2072,175,313,631,1162,566,1734,1092,454,1394,948,806,1416,526,1481,1835,1331,1093,488,125,1149,536,530,873,600,547,754,319,475,737,843,547,378,
29-Jul,1410,,,,63,764,184,517,236,698,1620,896,1950,409,972,142,1580,1540,1520,409,276,2190,1370,1290,1142,2238,175,798,562,999,471,1063,370,964,1399,948,713,816,668,1221,1912,1325,1378,125,441,1173,520,533,694,161,546,780,319,535,329,1207,551,379,
30-Jul,1400,,,,1100,1170,541,1140,175,64,1840,1570,1980,951,59,1200,1290,1410,699,833,69,1870,1690,60,1129,1883,625,847,658,1628,435,977,1200,454,1401,948,514,836,641,1278,1883,1323,125,125,318,1067,533,726,227,439,539,801,323,710,543,1264,570,60,
31-Jul,990,,,,1160,1330,1130,69,63,1340,1710,1430,1770,257,872,1230,378,1070,403,112,1520,2130,1360,727,245,1297,600,1045,607,1447,548,1882,1175,395,1414,916,120,1671,652,1288,1850,864,1877,1504,469,898,737,341,791,595,540,545,548,237,554,1411,554,60,
1-Aug,1290,,,,992,1770,769,79,1700,1440,1730,1520,1890,59,1020,922,1600,1060,62,160,1630,1560,1520,216,415,1941,649,1194,629,793,412,1789,1175,699,466,948,573,1678,632,1326,450,877,1932,494,395,942,278,740,740,699,525,754,60,862,554,1384,552,60,
2-Aug,988,,,,972,1730,1200,591,1890,682,1730,496,1200,855,968,1390,2770,706,234,53,1570,1480,754,244,1664,2203,559,1077,412,899,471,1633,1183,1013,454,1780,498,1266,691,774,309,1078,1444,942,1059,619,733,686,746,685,744,227,300,494,552,1300,734,60,
3-Aug,498,,,,1960,946,1780,1140,1980,1290,1360,60,1950,730,1060,51,1820,84,806,53,1620,1420,133,706,1955,2194,649,268,440,1124,471,1518,1104,764,925,1606,573,1273,621,632,1016,1008,1249,1288,854,792,566,680,802,837,231,543,293,520,555,1163,296,60,
4-Aug,1380,,,,1580,412,1640,1130,2230,975,112,1410,1830,202,1220,42,999,1570,1050,82,1150,1440,844,586,1984,2138,258,268,675,1126,471,1639,398,747,976,1600,573,1300,186,1232,1091,1097,1494,432,904,1033,543,727,850,733,547,539,296,577,736,977,468,60,
5-Aug,2290,,,,650,1290,251,1060,2030,225,1720,1440,2100,200,844,42,641,1150,1400,72,148,1360,807,1380,1905,2134,187,862,590,758,471,548,56,877,964,1608,570,851,642,1307,1091,1139,1407,371,1042,1052,604,610,729,313,543,544,297,584,235,976,500,60,
6-Aug,886,,,,1470,1510,1470,1360,1050,64,1830,1450,2000,56,61,837,1490,1030,1100,47,65,1780,1330,716,1765,1986,1015,820,571,809,412,519,1258,889,966,1600,514,878,800,1327,1091,1108,1065,1110,846,1094,544,726,227,587,542,543,378,708,778,987,448,61,
7-Aug,899,,,,1070,1330,1750,1140,63,361,1870,1560,1960,56,936,667,1360,167,713,45,1460,1690,1540,387,127,1414,874,1681,915,893,353,1158,936,1415,1008,786,512,853,725,1327,1066,678,2141,1110,542,1033,792,226,1130,590,541,541,533,234,951,1080,467,578,
8-Aug,532,,,,448,1130,1590,61,1900,473,1810,1820,645,56,1220,1250,1470,486,548,295,1310,1980,1600,214,56,2095,1054,1659,920,795,412,405,887,1458,466,570,900,946,725,927,292,678,1928,1082,577,1090,290,1028,1106,591,534,818,60,1093,1150,1044,451,561,
9-Aug,950,,,,1580,925,345,992,979,403,1890,1960,57,300,1070,1160,1410,130,393,305,1500,1760,1470,154,1349,2208,1054,1688,590,718,412,584,879,1473,710,1016,681,1223,751,666,244,735,889,1153,457,855,989,719,1012,586,721,230,417,1172,814,776,615,373,
10-Aug,758,,,,1440,140,1510,1730,960,414,1210,100,1390,350,892,1140,1280,61,1290,522,1470,2060,1370,682,1369,2268,1013,1174,412,759,412,115,803,637,1315,1008,692,1047,662,621,1501,708,1335,1229,456,902,505,535,1038,650,224,783,316,1193,569,810,194,1539,
11-Aug,1070,,,,520,83,79,1750,843,421,79,1110,109,530,1170,120,902,1560,1550,356,1510,1820,1720,672,1261,2251,274,1212,783,788,471,1059,381,454,1008,1108,681,908,649,715,1127,805,908,555,628,1147,500,527,1071,552,537,809,316,1346,736,433,769,1670,
12-Aug,598,,,,324,1410,569,1730,897,75,1680,1080,1250,410,646,39,1740,1910,1790,268,998,1330,1480,1430,1432,1733,175,1058,749,716,471,839,56,838,973,1108,1001,562,1221,1092,1138,800,743,543,786,1194,514,795,741,60,537,753,325,1199,235,1223,637,1769,
13-Aug,1620,,,,1370,704,64,1680,58,55,1690,1460,790,430,628,192,2160,1790,1410,308,66,1390,598,1650,1250,172,1023,999,765,1073,471,795,1366,942,1005,1066,573,454,1241,1071,1187,762,849,405,808,1072,648,714,286,515,539,750,340,686,940,1196,477,1429,
14-Aug,1520,,,,849,76,64,2020,58,1710,1790,1450,1410,56,1340,109,1730,1740,1330,357,1450,1160,671,1990,460,220,989,1419,763,994,471,1552,1003,814,1014,454,228,751,1290,1000,1187,614,1530,1314,822,912,822,222,969,646,539,753,510,317,932,1297,512,1318,
15-Aug,184,,,,1290,603,62,1800,862,869,1910,1380,1400,56,1280,689,1610,1900,700,1610,1550,1130,586,897,56,1911,1070,1476,661,617,512,1583,821,782,466,346,893,670,1298,1064,555,617,1471,1973,436,1320,223,830,1002,591,537,757,60,1029,1037,1400,450,1058,
16-Aug,76,,,,902,496,534,1930,945,1040,1740,62,61,450,1430,1157,1706,28,1330,764,1490,1420,21,149,1303,1810,957,966,602,640,412,1582,1117,814,429,429,893,740,1083,681,513,740,1407,2028,541,889,680,802,874,633,730,548,569,1126,841,1612,614,928,
17-Aug,244,,,,588,707,1480,1840,990,730,1540,60,908,380,1440,1440,26,43,1190,635,1590,1870,28,59,1273,2191,1011,353,649,808,471,1650,1115,622,915,482,1543,622,490,977,1075,740,1346,2011,407,909,845,800,889,557,222,1344,551,1123,738,1707,172,1060,
18-Aug,267,,,,66,414,2470,1930,966,1320,237,1050,1400,480,1830,768,14,354,1290,842,1710,1420,307,366,1285,2091,293,293,826,708,471,1668,589,454,480,429,2345,692,672,1296,955,740,781,967,125,1403,1440,785,744,549,578,1209,660,1181,742,1642,1148,622,
19-Aug,766,,,,196,893,1750,1750,99,471,1840,1510,1250,800,2020,48,911,1590,1530,462,1680,1010,824,55,1176,1900,168,950,756,471,471,753,629,884,454,417,2417,573,1505,1302,1056,820,741,1038,843,1469,1528,681,717,624,562,1173,359,1170,236,1062,880,503,
20-Aug,773,,,,1120,1320,1310,1860,19,60,1820,1490,1160,1184,1070,1230,2070,1610,1460,60,966,1660,1290,53,1155,1849,941,1024,738,530,471,829,1367,798,466,419,2440,454,1503,857,1056,751,871,1020,877,1305,1186,694,293,560,597,1188,294,734,1144,1037,683,544,
21-Aug,719,,,,1490,933,1600,1280,26,896,1850,1490,1120,38,1940,705,2040,1890,26,52,1680,1830,638,53,436,870,1730,1045,720,1463,471,1633,1419,803,454,448,2440,740,1522,886,1092,432,1914,1943,432,1471,783,346,1251,438,538,542,508,339,1205,1068,957,564,
22-Aug,1330,,,,1480,1470,61,85,1610,939,2030,1490,462,40,2170,619,1820,1680,26,318,1630,1870,646,53,56,1882,1778,989,761,19,412,1652,817,922,454,454,2440,740,1558,541,1186,371,1445,1440,684,1143,224,779,1122,501,526,758,60,1033,1260,997,931,721,
23-Aug,1270,,,,1520,792,98,1730,1530,1010,2320,59,59,56,2280,1030,1661,900,1063,64,1290,1660,43,53,845,2203,1779,980,590,19,352,1639,1442,926,454,454,2280,967,1580,573,777,432,958,1418,677,907,1105,561,1070,482,717,239,744,987,1228,1008,671,189,
24-Aug,897,,,,1550,925,1640,1760,861,1110,1770,56,380,37,1980,1540,32,1071,1620,463,1760,1730,36,664,927,2343,1826,649,590,999,335,1615,418,454,671,454,2440,967,608,356,1406,621,866,1130,621,912,1000,650,887,529,226,1169,395,1184,1210,890,342,999,
25-Aug,899,,,,976,688,433,1770,744,581,1790,1520,691,38,1860,1530,36,1680,1840,454,1450,1270,702,367,991,2291,1433,643,726,841,352,1546,1345,454,738,1356,2357,967,632,785,915,970,1298,1474,125,1257,957,611,822,562,668,1192,452,1127,739,237,1214,957,
26-Aug,269,,,,70,1060,1620,1820,841,61,2200,1380,623,63,1270,1530,1102,1660,1630,396,1610,59,561,721,967,2155,1177,1295,768,699,352,1161,1383,917,773,1437,2333,789,1321,1024,906,920,494,1242,529,1418,1052,874,731,578,542,1244,383,828,236,872,1055,1057,
27-Aug,334,,,,1950,1980,1460,1720,58,61,1950,1380,1600,63,59,1810,1520,1640,1380,57,65,1690,743,267,939,908,1558,1260,768,720,352,1242,1307,901,631,1458,1376,849,1317,1354,1029,896,125,1455,504,1192,1137,817,228,632,538,1216,341,731,1296,860,1124,936,
28-Aug,1230,,,,1880,1970,766,59,58,284,777,1350,1680,63,1310,2402,938,1430,15,55,1620,1700,580,556,56,185,1792,1207,644,619,352,1676,1541,874,776,725,1386,908,1392,1629,981,749,968,1635,607,1285,1024,228,1064,629,867,1135,549,228,1268,757,1364,985,
29-Aug,1530,,,,1880,598,695,57,833,541,867,1690,1400,63,1220,2716,744,1240,30,891,990,1930,243,127,115,1906,1984,1208,690,576,293,1417,976,912,465,672,1386,845,1344,1475,827,399,907,1553,507,1220,227,828,1100,587,817,1037,60,497,1282,782,1044,1045,
30-Aug,908,,,,1830,1290,448,1820,762,530,957,1300,930,186,1250,2644,748,1350,570,552,754,1750,55,229,989,1481,1797,1201,471,637,175,1634,1022,869,465,654,1386,967,1341,1133,677,845,839,1890,501,860,1454,531,843,651,935,446,996,491,1338,756,795,794,
31-Aug,1470,,,,816,228,653,1320,2020,666,58,89,1730,520,1280,1730,604,648,674,796,741,1240,275,674,924,1449,1863,1294,353,553,234,1568,1024,454,719,682,1219,967,681,287,738,828,870,2059,528,571,1803,630,848,676,229,1204,1020,492,1288,781,349,936,
1-Sep,850,,,,922,62,105,732,1380,60,58,56,1660,690,1210,1090,1120,1690,1460,433,867,1360,718,56,175,1145,1002,1177,543,643,234,1657,1091,454,697,654,1274,967,524,448,1016,890,632,514,125,836,1448,699,1024,625,558,1137,971,490,967,610,547,916,
2-Sep,900,,,,700,1270,454,1490,1370,59,58,1610,1460,690,56,49,923,1560,1040,228,7,53,647,51,1021,909,483,175,441,649,330,1218,1102,454,732,514,1148,799,573,1018,1016,938,432,125,531,1258,583,708,720,60,839,1084,898,538,238,963,238,873,
3-Sep,1160,,,,2040,2020,620,812,1790,58,480,580,1510,678,53,185,1140,1660,1470,415,29,1360,1320,50,815,313,530,661,411,658,261,622,742,454,677,614,681,797,1147,771,617,890,125,494,483,950,532,701,349,369,709,1174,894,745,555,193,518,705,
4-Sep,2460,,,,1720,1760,765,52,58,84,53,1210,1350,121,108,1120,1340,1640,1590,150,15,1780,680,583,655,175,1116,605,352,696,222,542,1025,817,682,454,681,799,1135,759,824,742,678,629,502,682,907,539,778,60,780,1085,608,230,674,229,524,925,
5-Sep,2270,,,,816,1590,824,51,58,1240,1120,1620,60,62,693,637,1320,1170,57,120,814,1660,674,873,459,158,847,666,340,590,224,1136,1278,383,465,168,681,800,120,713,740,684,764,845,521,936,860,719,400,60,743,1080,60,520,756,123,722,876,
6-Sep,2080,,,,1350,792,316,605,982,1130,94,1670,253,60,615,37,1700,96,416,591,882,1920,801,132,790,1557,1218,742,346,649,166,1126,1203,453,465,406,740,789,972,424,678,706,488,1051,529,672,615,136,826,190,666,973,301,227,716,60,610,853,
7-Sep,81,,,,1250,59,639,1650,619,823,28,587,1380,574,752,245,1130,234,1560,821,837,1860,632,117,1186,1842,1035,352,352,649,185,1060,1152,454,465,443,824,800,919,406,673,914,424,2024,537,398,225,597,347,190,464,673,60,225,825,150,356,859,
8-Sep,996,,,,69,56,643,1380,738,61,36,947,1720,719,773,37,61,1420,1460,951,686,1410,1260,63,1186,1690,293,595,412,792,156,902,1231,346,677,381,846,725,911,957,591,1043,125,1004,125,969,228,489,347,436,963,228,60,231,690,234,836,226,
9-Sep,864,,,,264,383,492,1650,685,59,599,1230,1540,850,1180,36,1480,1750,1650,1590,850,54,1130,581,1157,1592,270,897,412,276,166,718,784,287,647,406,1360,740,1328,821,740,1001,178,711,377,1025,2130,346,761,125,882,226,60,232,30,120,798,330,
10-Sep,456,,,,1990,134,525,844,798,57,56,57,235,780,56,337,1680,1080,243,914,1030,1700,557,698,903,784,1085,848,605,522,176,628,1177,388,698,357,794,740,1471,946,678,432,494,1980,125,893,1889,540,877,124,822,227,60,496,30,60,844,356,
11-Sep,90,,,,1830,1210,712,769,1080,1030,429,51,326,67,1170,623,1154,1020,250,61,766,1830,492,680,690,844,1793,872,115,234,185,1041,969,215,696,465,806,849,1156,946,678,432,1636,1498,125,559,1469,231,223,125,873,228,318,233,30,133,938,389,
12-Sep,553,,,,1530,1640,1030,59,285,976,326,50,1080,710,1200,280,1464,134,173,70,359,1760,587,53,56,2278,1556,838,98,234,275,1058,598,321,477,228,1160,984,1110,946,740,432,887,877,125,650,1429,518,224,142,776,543,60,420,30,264,925,548,
13-Sep,252,,,,2020,386,154,1110,63,1480,620,70,905,403,1590,43,1069,49,1870,48,937,1190,1190,203,547,2263,1468,412,56,293,298,762,470,713,513,179,1200,832,1292,406,432,702,783,955,125,727,1957,625,816,127,579,226,60,604,30,195,551,234,
14-Sep,422,,,,1270,207,96,1660,61,1300,71,134,1960,944,1620,143,315,47,1810,49,854,1257,814,589,1322,2111,1439,115,98,479,352,750,533,1117,622,228,1232,799,346,406,1503,702,715,732,588,757,2506,620,1730,112,224,226,60,297,30,181,363,234,
15-Sep,1310,,,,64,59,496,1210,61,802,52,164,2030,1120,1670,48,41,450,2050,48,695,21,873,1430,1667,2302,1172,56,98,596,293,633,56,1139,1346,120,1225,708,395,888,1714,552,594,125,200,1063,2502,628,826,372,778,422,60,314,351,60,761,234,
16-Sep,114,,,,136,88,1170,1650,61,58,431,131,2120,766,45,37,814,742,1030,672,819,41,638,670,1741,2349,1041,257,56,471,305,412,56,1161,1371,120,1220,179,911,884,1654,751,125,125,125,1017,2452,620,728,60,719,370,60,406,30,60,776,235,
17-Sep,821,,,,450,55,176,1650,61,57,505,89,1820,847,35,39,875,583,1070,861,667,1562,50,656,1669,1685,1199,881,115,525,322,400,400,1149,1398,120,434,168,1088,864,1381,371,125,754,195,980,1033,515,914,60,1015,415,60,493,139,60,596,235,
18-Sep,1510,,,,952,55,224,648,61,1090,503,75,2240,239,48,34,880,621,545,62,1000,1980,242,647,270,876,1082,1301,115,519,234,964,334,822,1379,400,423,862,1034,513,1413,612,125,1299,756,1038,1849,417,822,60,1095,416,336,229,291,125,235,236,
19-Sep,130,,,,287,55,1090,304,197,1350,50,98,1620,61,41,34,1139,829,505,851,1000,1900,973,160,56,1930,981,1342,115,531,115,929,821,287,514,180,966,707,1101,169,1043,661,125,691,125,1685,2479,636,276,60,1050,542,60,390,409,233,236,547,
20-Sep,70,,,,328,55,55,1700,53,1280,294,73,458,1500,42,33,938,47,1040,874,1060,1930,224,46,471,2065,1002,251,412,531,115,921,1542,346,514,120,980,661,969,146,1028,740,526,834,848,233,2490,599,220,60,615,225,60,375,396,232,612,233,
21-Sep,70,,,,1040,56,1550,1220,51,1330,162,73,2120,1260,38,34,810,41,642,905,921,1460,217,696,624,2247,946,14,412,454,115,954,1401,287,696,120,929,625,228,146,1223,678,371,2051,613,232,2462,754,223,125,224,417,78,394,434,235,234,234,
22-Sep,1470,,,,60,56,897,914,51,1420,51,74,1790,1300,91,37,70,38,193,1070,505,1610,1060,972,732,2248,294,14,542,453,115,56,56,217,1333,120,1054,631,228,146,1245,678,125,1250,125,1491,2515,824,222,379,1112,419,60,496,544,236,422,235,
23-Sep,1920,,,,59,55,124,1540,51,60,1260,74,1390,1360,43,37,943,47,213,331,179,70,598,671,668,1170,121,638,483,454,115,352,56,228,761,395,1014,395,1130,710,248,678,125,735,125,594,2513,749,594,126,1273,418,60,543,231,240,622,235,
24-Sep,2080,,,,818,57,848,56,51,56,1360,75,1150,1220,42,115,931,37,214,259,163,1860,55,720,601,802,127,234,483,471,115,301,56,298,731,168,496,395,1226,954,125,637,125,1886,207,0,2492,537,220,563,1234,428,60,491,494,184,235,299,
25-Sep,2920,,,,1920,78,435,54,51,877,315,75,954,692,932,41,2218,37,425,52,919,1810,47,616,162,507,174,287,341,601,56,1430,56,238,754,297,538,586,1077,1019,125,371,125,1534,328,0,1401,282,221,656,694,418,319,224,678,60,235,227,
26-Sep,2960,,,,1090,89,200,508,370,1060,273,75,389,348,469,325,1180,37,86,419,390,1870,46,187,56,1045,192,707,507,530,56,879,56,276,459,179,952,582,1257,723,125,309,678,187,125,0,2328,1733,223,229,1231,547,60,228,631,60,235,606,
27-Sep,977,,,,1220,89,1310,342,1410,1220,312,75,145,665,617,625,1008,37,785,1210,669,1950,46,48,678,1047,221,507,471,352,115,998,56,238,392,416,914,471,1111,454,985,657,125,248,125,0,1704,1059,223,559,577,302,60,234,646,177,611,228,
28-Sep,738,,,,1010,91,57,733,603,1320,55,75,51,1580,342,700,40,38,542,182,747,1960,46,1210,606,1041,145,14,471,571,109,968,514,340,682,359,963,549,417,454,1040,677,125,125,535,356,1890,851,221,378,225,1061,60,299,630,232,234,267,
29-Sep,662,,,,1070,89,54,469,369,1200,54,75,534,1790,45,56,30,361,601,58,575,58,46,772,588,1124,56,14,434,471,138,1574,56,299,737,438,893,542,573,918,125,701,125,125,164,2051,1808,227,222,207,1162,1171,65,293,497,239,234,226,
30-Sep,1230,,,,187,89,201,727,63,629,52,57,764,1300,13,56,24,311,272,54,290,1510,309,707,571,1098,151,595,303,483,109,1470,56,1216,677,346,974,395,1152,1001,125,125,125,125,125,1781,1926,351,529,92,803,1057,60,307,30,241,235,231,
1-Oct,1460,,,,715,89,54,497,1300,70,710,76,496,1240,13,1220,949,37,484,509,49,1910,578,653,476,626,530,1272,459,471,109,946,56,875,657,311,465,346,1280,983,219,309,125,125,1460,262,1085,636,224,125,685,876,65,550,30,241,235,1422,
2-Oct,820,,,,1450,87,54,55,120,1060,765,1050,1280,477,12,1570,1580,497,90,49,860,1780,499,564,175,297,454,293,471,471,109,1526,56,183,680,179,454,168,1611,876,125,371,982,1097,1007,223,945,407,288,122,797,638,357,231,30,241,252,1566,
3-Oct,594,,,,797,89,54,55,1280,941,484,600,58,563,12,1110,2460,476,39,186,383,2130,282,102,56,940,412,309,471,454,151,1610,56,187,514,189,473,406,1238,461,125,371,624,1553,1480,228,970,883,219,155,671,547,60,302,30,869,235,932,
4-Oct,1490,,,,212,133,54,925,1840,878,53,1040,49,1690,19,1410,1533,48,501,1830,635,1920,98,140,56,1172,541,393,471,436,162,1502,56,0,503,903,281,168,1212,454,186,817,1297,325,1456,228,1217,1389,239,93,540,227,60,287,30,1093,597,504,
5-Oct,1480,,,,555,318,207,978,1580,854,405,48,1350,1020,28,1160,40,45,650,753,166,2050,223,746,322,1085,506,160,471,471,175,1530,56,0,967,981,249,130,215,416,125,829,626,125,372,286,1077,1769,278,78,223,737,60,295,30,1631,235,1015,
6-Oct,1450,,,,240,57,214,897,1230,454,54,1340,1050,921,93,83,35,33,623,77,282,1700,719,646,56,1090,138,42,471,471,175,1349,56,0,908,944,461,395,120,1598,186,731,125,125,125,360,1033,1688,273,349,665,735,143,295,374,1565,235,923,
7-Oct,81,,,,62,876,427,547,59,108,50,1090,64,804,38,51,980,194,900,46,615,741,654,746,217,1124,187,1426,476,597,175,1458,56,0,849,956,902,800,1382,1281,397,1255,120,125,125,1819,1626,348,527,60,1205,594,60,285,146,1563,235,919,
8-Oct,68,,,,891,712,845,568,58,58,49,1560,621,581,38,49,740,317,900,38,240,1900,529,646,377,195,590,293,356,554,56,1433,115,0,754,945,465,967,1375,1708,270,589,242,161,283,1800,401,539,219,124,1236,227,60,492,303,1534,236,955,
9-Oct,67,,,,409,506,1340,536,58,784,48,1990,524,535,37,109,835,284,950,40,591,1960,823,535,56,109,559,175,490,471,56,1466,792,0,859,183,287,1775,1369,692,125,309,1303,125,201,1829,456,287,218,117,1018,258,355,232,628,1553,236,848,
10-Oct,1390,,,,775,814,404,176,752,949,47,1940,690,528,33,1630,941,63,56,652,328,1720,607,159,56,1674,566,300,448,432,56,1365,115,0,514,165,502,1833,1325,640,125,338,943,199,773,1376,282,653,223,124,810,373,60,312,774,1535,235,734,
11-Oct,962,,,,1870,527,302,935,1980,1200,236,1330,14,695,31,650,971,49,950,430,470,2100,144,113,175,2750,424,293,454,529,109,963,109,120,514,740,573,1715,1449,295,125,661,125,187,965,1126,566,971,220,120,813,231,60,397,747,1587,659,356,
12-Oct,1450,,,,1010,59,1150,519,74,756,126,56,40,1030,322,360,52,48,1150,627,522,1950,120,610,56,2750,483,262,454,464,115,917,87,120,657,753,514,1774,228,290,248,1350,125,125,323,254,245,829,223,60,896,231,60,332,912,1689,256,1046,
13-Oct,1850,,,,199,74,187,1400,98,694,55,617,36,1360,66,56,49,508,1150,1900,416,855,867,631,203,2730,187,56,352,406,115,952,56,179,752,751,514,1579,120,640,125,975,125,125,125,1861,282,1010,489,366,914,231,60,355,609,1640,160,956,
14-Oct,2080,,,,62,890,52,1320,88,613,1260,483,31,56,27,56,855,126,1250,1170,569,409,626,685,113,2750,186,293,416,425,115,1017,127,130,794,800,465,621,782,675,125,592,125,125,125,1732,1831,231,535,60,715,230,60,420,263,1553,60,1035,
15-Oct,898,,,,975,763,1120,998,56,58,236,2130,70,158,35,337,730,317,750,926,53,1800,1310,513,422,412,172,269,422,412,56,793,1727,173,776,506,454,684,1400,995,154,518,125,175,125,1800,2302,542,218,208,1050,232,60,497,992,1676,60,978,
16-Oct,622,,,,819,1610,568,636,55,729,208,620,108,67,839,56,433,273,260,1130,1060,2010,754,444,56,245,127,1539,393,471,115,1108,2024,226,1099,0,503,1459,1400,1013,154,371,1421,158,200,1736,1832,223,219,249,746,231,331,227,988,1640,60,1000,
17-Oct,879,,,,602,1590,55,71,749,1290,49,2050,270,478,616,56,199,44,280,1930,925,1800,603,156,56,1883,187,322,387,388,175,1126,2017,254,120,0,1003,1394,1317,954,125,371,1098,198,738,1623,352,227,348,210,704,265,60,333,995,1679,60,865,
18-Oct,66,,,,1130,368,54,1730,181,791,46,586,50,805,610,630,257,37,2400,1720,968,752,212,163,341,1936,175,625,400,507,144,1171,2042,130,168,244,1054,1504,1287,406,125,477,125,129,197,225,1705,225,323,229,752,231,60,332,1000,1641,60,476,
19-Oct,194,,,,434,136,795,1240,942,1450,45,49,49,342,648,300,22,37,2900,1430,888,585,106,697,276,2520,277,228,293,459,175,1269,2049,226,441,650,1060,1457,225,333,499,495,747,187,125,224,2140,619,274,336,587,228,60,376,971,1600,60,800,
20-Oct,1470,,,,726,59,852,649,1220,1240,45,176,157,245,601,56,21,227,1900,1270,343,232,510,783,297,2760,293,185,459,464,56,1014,737,213,836,638,985,1447,208,1176,489,463,125,125,125,1438,1841,414,394,541,628,227,60,357,572,1601,60,857,
21-Oct,1650,,,,195,504,715,974,957,865,45,528,46,376,1170,69,781,295,2600,1110,387,101,627,659,567,2760,282,1064,430,496,175,1180,127,531,807,514,1057,859,839,1016,489,394,125,125,577,1794,1655,411,535,223,589,229,60,236,229,1523,60,856,
22-Oct,1470,,,,1110,54,1050,1100,54,126,746,186,706,334,47,56,812,213,1800,975,496,635,731,644,1131,2760,168,234,388,519,175,1207,1592,645,832,663,514,465,671,1053,969,477,125,125,389,1677,298,556,220,445,550,228,60,495,541,1632,60,798,
23-Oct,1390,,,,1930,142,650,1150,50,1050,518,935,1108,174,1530,56,309,287,56,703,930,478,725,682,358,2254,185,234,472,412,175,1239,1129,619,1159,168,416,1454,926,1502,595,371,255,752,601,1689,468,225,470,222,639,225,320,234,858,1704,60,809,
24-Oct,1270,,,,1540,1020,57,242,49,1220,612,1030,537,52,1460,650,493,538,56,824,993,710,906,168,56,2760,157,236,417,519,353,1174,1974,681,346,228,1035,1461,873,1251,125,393,125,477,841,223,223,408,479,222,574,223,60,356,730,1671,60,915,
25-Oct,1500,,,,688,1110,278,1880,390,1280,1650,47,52,413,1450,330,321,41,1700,917,929,738,362,47,56,2745,189,177,276,553,337,1173,1400,570,328,573,1067,1477,786,395,192,400,125,663,623,223,1799,653,229,287,535,223,60,332,852,1664,60,230,
26-Oct,916,,,,1950,142,1830,1530,1060,1220,610,46,49,422,1470,56,175,39,1700,380,508,642,41,609,247,2693,175,169,200,584,175,1168,1364,413,859,651,1026,1483,136,392,537,415,182,702,125,232,1620,225,918,289,220,228,60,393,1095,1701,60,246,
27-Oct,2400,,,,56,54,1460,1390,1220,1220,125,500,320,415,1380,92,456,1060,1400,443,498,416,1020,637,140,2139,175,175,352,551,175,1123,393,402,877,496,1071,1505,142,1031,555,432,210,511,130,2023,1515,324,719,523,406,229,60,456,593,1610,60,574,
28-Oct,2220,,,,52,482,803,1580,841,639,1330,319,610,414,672,58,37,999,1320,52,453,44,538,724,157,2051,189,234,335,542,115,954,58,619,939,1067,1060,662,614,966,556,361,125,351,700,1857,1596,231,805,220,400,227,60,399,228,1685,60,511,
29-Oct,2280,,,,992,1460,765,2490,212,52,1820,142,178,416,50,1950,320,272,577,324,426,799,1240,548,115,832,175,210,287,679,177,911,1222,623,673,609,514,605,699,1108,528,389,154,371,832,1395,258,544,661,310,460,219,60,544,668,1637,60,566,
30-Oct,2160,,,,398,784,124,735,245,382,856,41,41,390,537,1000,282,897,536,231,49,985,1010,432,56,2003,172,115,322,470,177,1283,816,618,833,228,408,845,689,1001,531,173,692,537,160,1830,529,236,397,765,543,221,321,262,691,1732,60,528,
31-Oct,900,,,,458,135,53,57,56,46,57,39,40,195,517,1260,281,738,329,468,1130,867,782,171,58,2698,233,56,217,528,115,674,791,622,406,228,698,870,503,957,125,187,678,158,512,1940,292,224,127,847,477,223,60,400,807,898,60,538,
1-Nov,1350,,,,818,1170,53,909,762,164,54,37,37,387,484,150,1030,331,1020,386,542,867,174,40,1209,2705,293,115,352,504,175,620,899,681,424,503,776,878,723,189,187,170,120,1542,155,225,196,222,60,768,224,232,60,419,755,240,60,241,
2-Nov,67,,,,2150,813,158,966,1420,44,53,152,177,344,51,42,387,47,750,416,238,885,120,364,1850,2760,203,115,335,469,175,839,997,179,717,561,759,828,254,228,211,376,125,125,225,225,340,320,60,861,235,226,60,418,755,240,62,916,
3-Nov,784,,,,139,558,683,463,1190,291,52,322,513,442,691,41,51,846,546,165,447,729,799,358,1447,2760,115,115,335,465,175,664,293,238,698,527,749,828,136,1145,180,275,125,125,360,789,240,231,33,744,547,230,60,379,519,250,60,778,
4-Nov,811,,,,206,1020,1560,457,78,826,346,41,1330,1410,37,39,404,621,463,46,334,574,569,376,1355,2760,175,175,335,471,115,14,270,698,716,537,749,663,835,1901,125,197,125,248,1217,1288,556,232,0,849,449,231,60,369,237,269,60,830,
5-Nov,966,,,,1340,172,1020,477,53,267,49,246,825,1000,36,376,366,263,451,202,124,802,1110,349,1381,2636,187,209,353,472,175,14,1658,1109,723,514,514,614,671,873,125,233,125,1318,1867,400,1254,231,181,713,395,229,60,234,1234,240,60,783,
6-Nov,1020,,,,498,126,1100,47,52,734,48,251,573,766,34,517,865,213,41,41,206,1050,869,337,749,2085,1281,196,293,381,175,359,1301,1210,785,228,503,869,786,936,125,125,699,768,262,228,228,233,141,851,423,223,60,243,1392,240,60,673,
7-Nov,1010,,,,2070,606,1560,44,35,1240,48,40,51,1920,837,284,1750,51,40,40,348,1810,770,173,56,2005,1284,203,311,732,175,698,1982,186,763,179,803,870,692,1453,125,125,125,687,550,451,281,226,334,811,322,227,62,335,1400,234,60,234,
8-Nov,555,,,,1700,550,72,648,100,1250,48,131,419,2000,1490,39,730,43,529,1230,431,2210,247,47,1491,1978,1693,175,353,698,56,555,1866,528,811,454,922,876,747,217,125,213,904,734,222,1672,1615,1159,468,780,224,226,60,476,1370,240,60,235,
9-Nov,112,,,,2090,51,52,890,52,1190,123,53,673,1640,2410,462,1560,41,307,730,419,897,169,46,1469,1289,1382,115,353,697,56,619,1986,727,769,395,930,888,142,208,346,212,125,187,225,1351,1063,965,315,883,224,227,64,515,1226,240,60,901,
10-Nov,814,,,,98,274,720,141,1200,934,429,740,1900,1200,1500,629,738,223,400,670,791,457,504,317,1374,2024,175,115,810,714,56,696,246,168,805,395,942,908,179,424,248,345,125,621,222,1345,527,225,237,880,414,227,60,791,945,240,60,1074,
11-Nov,1260,,,,142,472,277,101,102,895,1820,52,1010,1300,455,630,1040,488,438,2750,416,337,320,235,1409,2232,175,1106,827,697,56,56,120,711,834,370,936,565,312,453,248,356,125,125,225,1615,222,227,236,837,412,229,60,803,442,240,60,1293,
12-Nov,506,,,,282,956,249,1540,425,55,2190,78,554,855,49,47,805,489,404,1500,216,988,248,339,1420,2215,471,1134,738,768,56,56,867,836,793,406,514,678,371,514,371,340,125,641,301,222,225,258,236,980,223,224,60,235,1148,240,60,793,
13-Nov,337,,,,188,994,780,103,51,1720,1890,98,51,56,951,312,1820,928,578,1020,160,848,236,116,1548,244,649,1116,1402,594,56,578,1035,176,835,120,503,909,913,514,248,187,125,636,1308,935,286,222,734,956,222,216,60,233,1138,240,60,60,
14-Nov,1100,,,,1440,60,59,259,659,1800,520,2270,47,54,704,41,1850,1180,549,1540,328,780,372,159,651,1911,529,1116,1479,531,92,1509,915,168,514,120,1074,888,1008,597,125,125,125,1535,699,1700,271,227,109,1032,220,220,60,723,1199,240,60,60,
15-Nov,939,,,,1680,467,51,920,1530,1890,53,2930,1680,113,879,39,1380,529,550,1920,261,832,41,42,1308,2146,314,1073,827,685,56,1431,432,120,514,387,1074,935,1216,228,125,309,125,186,1017,219,762,227,902,956,221,220,60,831,1210,240,60,60,
16-Nov,68,,,,76,142,1350,1400,1730,1450,1130,544,998,429,1740,38,1000,47,952,1550,172,874,208,282,1607,1870,500,14,768,649,98,1517,870,254,843,315,985,991,370,248,248,792,125,125,225,221,482,226,453,571,222,221,60,829,1205,240,60,60,
17-Nov,474,,,,298,55,976,1790,1940,1570,603,916,366,220,1630,691,78,204,884,1380,482,99,1440,212,1634,2639,329,14,1100,669,92,1827,270,298,859,514,635,943,425,465,217,925,125,125,225,221,480,337,1091,768,353,156,60,1004,908,240,60,60,
18-Nov,1440,,,,50,401,54,895,1990,2010,2050,46,49,306,1280,40,863,429,660,2180,180,38,1230,223,1488,2158,305,744,1065,417,115,1194,890,305,764,522,526,621,915,486,186,455,187,125,722,223,437,224,663,534,353,60,60,971,431,240,60,114,
19-Nov,1530,,,,387,63,1160,177,59,570,2580,1500,46,410,719,38,526,270,95,1620,210,1260,1650,314,375,334,483,944,1077,293,56,739,932,311,763,336,591,464,954,516,248,247,125,171,861,306,468,224,730,506,415,169,60,233,1109,240,60,236,
20-Nov,1300,,,,352,341,2290,1270,54,1670,1740,1400,680,1310,1820,101,637,387,41,1480,348,1440,1550,473,56,198,1146,1077,1046,322,56,505,341,323,191,228,591,619,950,562,186,191,675,228,813,381,237,224,1327,477,347,220,60,232,1114,240,60,235,
21-Nov,274,,,,52,104,1610,103,788,1550,1760,432,55,1240,1420,520,1690,826,41,1400,583,1220,639,187,56,2057,1034,920,1035,308,56,645,323,369,228,168,681,530,1001,562,125,125,714,429,777,446,225,225,1225,538,307,219,60,651,1387,240,60,233,
22-Nov,475,,,,48,49,844,1030,131,1460,215,1390,49,1220,2030,416,1630,695,610,1790,635,674,223,111,954,1301,274,1045,567,311,56,725,162,371,168,525,620,631,1172,228,125,479,785,248,906,1133,890,228,1388,511,223,219,60,749,1169,257,60,232,
23-Nov,412,,,,45,1800,1200,1200,54,1760,208,563,1520,1980,1190,35,1340,817,940,1170,146,551,43,255,917,1534,341,293,768,234,56,571,162,318,130,775,539,503,151,120,125,463,125,125,827,1518,934,559,681,522,223,221,60,438,1043,240,60,235,
24-Nov,1410,,,,45,264,1230,1770,52,1570,686,46,2280,459,304,39,1740,811,600,1400,128,1050,333,203,1248,1938,322,322,1118,293,56,578,293,249,162,605,586,503,112,419,617,402,125,125,789,1224,1264,236,586,419,273,219,60,507,1053,240,60,458,
25-Nov,512,,,,42,869,574,57,50,1120,349,192,2380,383,1330,39,2250,1250,120,1310,136,599,596,215,1127,2121,270,868,1124,375,590,507,364,359,856,539,596,454,850,446,125,170,125,242,790,2004,796,236,577,426,282,220,60,463,1108,215,60,562,
26-Nov,1140,,,,522,97,109,350,50,353,295,377,82,659,846,673,2120,875,150,2060,43,1190,602,105,957,2411,288,1052,1124,465,56,654,702,323,847,562,596,503,904,771,125,187,125,125,787,2255,1032,236,656,540,385,219,60,297,1345,233,60,231,
27-Nov,1830,,,,150,110,49,305,139,1510,82,46,46,1250,131,741,2660,106,56,2070,210,1200,309,41,263,2588,341,456,671,461,56,850,696,323,763,168,532,649,966,538,125,125,248,125,819,363,1138,234,1569,571,283,219,60,290,1362,1172,60,232,
28-Nov,1920,,,,48,48,47,50,1400,2190,183,264,46,256,84,1510,1690,112,1000,2470,484,1240,576,255,56,2510,483,432,768,471,56,1238,814,262,847,179,686,641,835,453,125,187,125,248,348,1875,851,234,1436,456,288,219,60,668,1595,1459,60,232,
29-Nov,2260,,,,45,659,474,2050,52,2290,572,574,46,50,519,1430,970,118,1900,2090,545,2110,214,35,1291,1854,589,446,395,471,56,1171,966,370,875,179,570,1113,920,552,181,745,125,125,344,868,902,238,1353,454,224,218,60,741,1655,1320,60,232,
30-Nov,1100,,,,45,199,2110,2090,115,1780,173,2830,380,402,363,721,506,100,2000,1570,489,2190,150,130,1260,1130,400,411,412,412,56,1651,814,260,2183,120,633,1838,562,562,248,840,187,125,370,223,928,241,698,542,225,204,60,955,1611,416,60,492,
1-Dec,1230,,,,44,52,1200,301,409,2110,586,577,710,563,423,463,1140,1260,640,1250,408,1140,33,135,187,1045,258,327,1402,388,56,1235,747,334,1838,168,629,733,562,511,186,847,125,125,339,1717,1184,243,584,344,380,223,60,913,1188,368,60,234,
2-Dec,101,,,,42,458,518,1350,59,1330,108,1500,46,694,500,116,1520,1730,560,1350,98,990,35,95,681,675,234,607,1298,417,56,911,633,334,1879,120,622,246,1049,503,253,697,125,125,628,892,1117,245,749,344,269,223,60,926,1077,1103,60,235,
3-Dec,1040,,,,717,914,53,180,57,499,467,881,46,864,44,1080,824,772,115,1550,47,1500,416,125,580,1461,1110,1507,1415,476,56,1005,939,120,1917,120,514,238,1014,545,248,631,272,148,660,2060,1020,301,866,497,230,223,60,950,486,1200,60,177,
4-Dec,360,,,,50,272,51,980,55,1520,2310,812,46,1560,585,981,1030,549,56,1700,235,1410,507,129,380,1946,1092,1412,1452,353,56,1612,1715,120,1852,120,419,1254,1038,503,309,555,187,187,643,2413,1119,309,1305,397,229,222,60,953,409,932,60,60,
5-Dec,292,,,,548,178,1590,147,544,1910,154,1650,46,58,47,2220,818,278,56,1310,326,1540,38,178,56,2650,1052,531,1138,412,56,1236,1821,191,991,179,808,1334,1033,562,269,592,412,125,875,2008,1043,1776,912,426,230,223,60,900,437,1169,60,60,
6-Dec,2100,,,,1700,172,587,1620,53,1780,51,632,560,567,701,2300,380,90,800,1910,348,1490,125,167,1605,1159,1960,515,655,463,56,1281,391,228,1172,228,981,1329,930,228,309,933,494,125,1026,1626,1215,1395,942,401,223,223,60,1503,439,1202,60,60,
7-Dec,2070,,,,920,373,679,1070,58,1850,171,593,250,806,1100,2510,38,53,1350,2660,138,1340,37,45,626,1015,1972,56,547,422,56,1142,56,120,1160,173,981,1383,562,120,586,955,187,187,717,579,1433,1164,1409,399,235,226,60,1778,415,1200,60,60,
8-Dec,2570,,,,626,568,475,1130,58,1920,961,245,560,1320,467,2550,831,386,1400,2440,54,960,45,222,554,1172,175,56,1022,335,56,1325,56,120,1238,239,1001,1305,582,295,345,821,187,897,585,2039,1340,1775,1305,391,236,227,60,1914,424,747,60,60,
9-Dec,2330,,,,1610,1760,388,1750,58,1420,238,151,900,1380,170,1330,1330,402,1900,2370,747,510,41,424,635,56,175,1465,1043,471,56,346,56,130,1187,185,1001,287,1013,360,487,380,125,120,927,228,814,1158,1266,305,150,227,63,1675,327,1492,60,60,
10-Dec,2180,,,,1420,848,349,1270,477,397,733,137,1120,1270,264,2370,717,786,1700,2360,652,1410,605,209,599,56,264,1422,1071,412,56,376,388,194,1247,189,1006,238,1013,298,455,371,125,125,1071,590,1402,225,511,402,143,230,60,1043,826,1644,60,60,
11-Dec,2210,,,,1280,426,219,1110,58,1470,601,405,1000,1290,843,2830,618,902,1050,1980,975,1580,120,1050,192,56,305,1464,1008,448,56,763,460,120,1202,179,1001,1580,957,238,409,187,125,187,1018,426,852,224,470,410,159,227,60,240,822,1070,60,60,
12-Dec,2230,,,,2300,517,50,344,1850,1960,1520,316,1370,1100,54,1270,50,419,1000,1760,796,1560,183,131,56,56,287,293,1057,391,140,1745,469,120,538,189,1114,1720,952,606,563,125,638,125,1112,280,1044,911,463,408,182,222,60,251,262,1272,60,60,
13-Dec,1810,,,,2200,740,384,900,932,1940,1430,288,220,990,52,676,358,72,2200,720,227,1450,45,166,549,56,316,293,644,440,127,1917,459,141,493,228,512,1013,1011,287,563,371,156,125,1143,1629,1848,222,402,322,227,222,60,60,363,1176,60,60,
14-Dec,698,,,,643,1380,435,1770,920,1470,2180,278,1640,1070,824,1350,141,117,1800,490,383,1640,46,233,633,56,287,1392,405,521,168,1959,412,120,711,228,488,956,572,254,740,494,125,187,756,1637,2006,1481,427,449,226,226,60,1255,236,860,60,439,
15-Dec,1400,,,,119,2190,303,1410,922,2180,1550,554,700,1010,1550,1520,41,730,697,650,369,1230,209,162,687,56,193,1963,928,363,175,1868,292,228,646,179,488,506,501,367,1363,525,192,175,772,956,1883,779,627,305,227,227,94,1689,237,866,60,532,
16-Dec,1570,,,,62,1630,503,2030,988,1960,1260,345,1560,1020,814,1840,834,1040,792,960,42,529,46,281,570,56,197,1375,946,303,175,1956,293,1137,621,141,502,287,810,431,1077,402,125,187,1136,1848,1593,225,221,415,330,168,60,1858,233,629,60,537,
17-Dec,1890,,,,1140,727,46,1810,58,317,2070,1080,492,992,464,2150,1180,1660,838,1340,41,879,403,787,682,56,175,703,913,378,175,1293,483,1106,647,130,395,189,789,411,1084,486,233,501,1221,2508,1419,224,339,427,230,161,60,1564,236,584,60,547,
18-Dec,1780,,,,390,1300,57,2070,58,1310,961,802,301,1570,637,2450,706,2180,47,530,638,1260,130,1570,308,56,293,771,1136,244,154,1303,588,1132,721,120,562,888,1460,361,1101,125,147,371,1263,2539,417,225,741,409,325,59,89,1173,367,836,60,240,
19-Dec,1470,,,,1280,1020,419,1080,1000,814,802,328,52,141,1700,1410,652,2030,46,470,239,1190,132,438,56,56,287,1485,1035,293,203,1020,639,1066,461,130,514,782,2256,339,125,125,125,402,1418,2551,561,1102,313,333,223,60,60,1507,293,759,60,240,
20-Dec,2250,,,,857,843,52,2180,1270,1200,878,842,52,786,1790,1130,55,975,1620,580,228,1130,707,185,435,56,317,1601,522,293,232,932,626,1186,120,130,524,794,2760,168,125,485,553,1287,1251,2537,1836,1879,908,310,224,60,60,1470,231,788,60,240,
21-Dec,2020,,,,55,1180,850,1290,1210,1640,1000,1100,191,733,1980,2670,47,444,2230,1580,283,1220,690,225,694,56,329,1462,464,471,234,1821,600,184,2124,424,444,755,2165,179,371,892,125,1135,771,2485,449,1847,282,356,309,66,60,1392,231,238,60,491,
22-Dec,1990,,,,94,426,313,998,1350,2130,56,745,97,786,1730,917,47,310,1300,1580,236,699,892,152,656,56,120,270,1210,497,234,2511,115,168,2088,179,508,1058,1277,338,157,1419,125,523,779,2307,447,1387,282,288,225,537,60,235,232,649,60,519,
23-Dec,2010,,,,60,262,50,850,1830,3020,1320,51,54,448,1690,54,124,279,560,1060,56,49,305,229,663,56,168,56,841,471,175,2669,115,309,961,412,508,287,1880,315,538,833,125,125,1355,722,872,227,340,280,246,1811,60,235,233,1141,60,227,
24-Dec,1940,,,,54,244,48,55,1280,2270,193,124,351,620,1660,50,41,51,620,380,54,484,118,226,653,862,239,423,980,403,234,2149,120,323,2030,394,465,238,1884,356,494,307,125,302,1349,1823,813,233,402,396,226,1546,60,235,234,1092,60,238,
25-Dec,480,,,,52,147,48,1760,503,1900,109,49,165,62,1210,44,41,48,56,880,52,254,266,48,163,1400,293,1963,536,403,234,554,405,964,2120,338,454,189,1442,228,353,199,125,275,735,1385,774,231,511,342,227,182,60,236,285,1518,60,240,
26-Dec,1460,,,,95,327,47,1580,1260,2340,51,47,581,60,870,948,312,102,56,520,307,956,145,47,227,590,654,1996,525,507,234,430,412,894,2036,370,454,1525,1441,120,370,125,125,258,1229,224,562,865,1080,395,226,1480,60,236,303,1615,60,238,
27-Dec,1040,,,,111,285,46,1740,1490,2270,50,47,52,446,784,1530,241,277,56,1060,784,1350,92,47,948,45,520,709,499,56,56,293,881,988,2086,595,454,1582,1476,120,422,125,125,535,1332,225,837,1124,631,419,225,1546,60,112,232,1678,60,237,
28-Dec,427,,,,655,63,1520,939,2190,2140,49,733,50,541,703,2040,361,269,150,1160,840,1210,81,46,867,32,501,717,554,56,56,235,361,941,2760,346,454,1585,207,228,1115,621,156,592,832,252,716,405,547,426,260,1934,60,924,243,1633,60,227,
29-Dec,649,,,,57,70,1450,1190,2960,2160,48,1270,49,536,760,1630,311,229,1150,620,813,55,198,54,981,32,293,792,521,144,56,276,436,487,2760,606,465,1554,179,418,1069,169,187,125,887,1560,1026,219,529,401,224,1957,60,1228,234,1679,60,231,
30-Dec,460,,,,421,1930,1440,218,3010,854,47,1030,213,593,643,1610,51,51,320,840,1230,51,239,43,932,52,293,833,655,56,56,249,334,1190,2760,1550,444,299,228,394,1078,169,217,216,453,1511,1499,221,232,221,226,2110,60,546,235,1685,60,210,
31-Dec,68,,,,920,1560,1630,540,1610,733,46,809,48,745,563,1780,120,49,1450,1180,51,448,269,36,1154,56,293,659,1203,56,56,305,548,1130,2760,298,287,328,,382,1084,125,125,519,1390,227,580,283,233,227,227,1852,60,238,236,1651,60,235,
