,1982,1983,1984,1985,1986,1987,1988,1989,1990,1991,1992,1993,1994,1995,1996,1997,1998,1999,2000,2001,2002,2003,2004,2005,2006,2007,2008,2009,2010,2011,2012,2013,2014,2015,2016
,,,,,,,,,,,,,,,,,,,,,,,,,,,,,,,,,,,
1-Jan,275,720,-34,283,777,543,36,66,140,141,257,2727,139,274,277,132,424,338,156,133,173,1079,848,263,268,757,227,189,2963,224,235,234,1704,688,2796
2-Jan,56,454,46,569,780,1252,46,46,46,596,1185,985,137,277,1008,309,430,153,126,127,501,1269,370,569,223,1736,239,242,2964,217,828,727,1708,1474,2797
3-Jan,56,915,36,543,242,643,46,46,46,615,1152,903,679,1330,961,357,291,192,479,281,840,1376,262,1615,282,2306,232,240,2972,529,1109,460,1707,1091,2800
4-Jan,251,984,56,940,389,491,56,36,36,629,511,1429,693,940,1015,345,280,1136,618,392,683,739,139,1241,223,2424,234,240,1659,406,893,480,248,200,2794
5-Jan,46,954,32,559,409,639,233,56,46,512,720,1368,1342,1324,1005,162,769,1448,764,137,743,357,1492,1143,227,2326,235,236,640,516,690,233,247,988,2365
6-Jan,46,869,32,560,1174,672,586,56,46,622,1794,1485,936,715,273,1265,844,957,717,142,138,1337,2502,1432,265,1306,253,183,611,904,815,246,706,1457,1323
7-Jan,36,662,32,549,1127,1334,639,56,46,622,1828,1472,972,145,287,1251,811,127,218,137,1171,1267,2405,1261,204,1595,399,150,592,1055,347,592,1317,2446,1316
8-Jan,496,526,19,289,1120,1291,349,56,393,1168,1841,1493,962,159,917,1239,77,131,337,144,134,1415,1869,257,224,1983,333,151,634,287,344,640,345,2550,1325
9-Jan,498,36,5,293,1160,598,46,56,411,1190,1814,296,1338,144,895,1292,61,170,484,210,735,1338,1261,246,254,1840,462,187,415,166,800,668,259,1524,1331
10-Jan,1901,851,5,338,215,271,36,56,787,1217,1826,287,1547,147,883,1916,183,143,820,132,172,698,1120,1184,236,1876,433,260,290,611,802,637,235,1521,1320
11-Jan,2517,1770,188,322,78,530,700,76,374,520,350,1465,1941,293,868,2052,169,557,151,123,145,599,245,522,12,1931,360,274,353,413,258,633,245,1519,1366
12-Jan,2409,1908,-4,279,88,648,774,116,777,46,390,1431,886,470,853,2757,1513,159,141,129,87,592,888,561,319,1997,257,222,387,888,889,243,278,1520,451
13-Jan,1509,1925,16,288,1073,635,748,86,145,874,704,1421,944,479,258,1990,1457,144,158,514,146,1329,248,448,369,254,251,234,344,764,1051,273,232,1520,197
14-Jan,1308,1175,16,1044,1139,421,744,56,137,907,717,1423,1451,296,272,1933,1425,785,550,527,708,1288,241,737,234,266,223,241,627,493,810,574,257,1517,205
15-Jan,926,1851,26,1036,1145,225,667,56,145,702,737,1398,1452,1447,911,1268,607,783,132,513,765,1271,1061,610,273,664,242,234,427,210,951,358,225,570,454
16-Jan,767,1816,56,547,412,205,671,46,66,293,1866,262,791,2469,720,1256,1677,172,134,698,688,1294,1637,566,657,1102,227,203,665,148,1674,234,239,125,236
17-Jan,2547,1784,56,296,214,276,620,46,36,287,1633,259,1437,3002,290,1241,462,146,138,1080,728,1298,246,1509,302,787,227,269,501,182,1835,224,240,329,259
18-Jan,1177,2188,136,312,204,252,659,46,16,292,715,1441,1481,3002,241,1213,252,160,215,809,761,996,274,2051,1075,753,227,268,1311,262,1967,299,244,172,235
19-Jan,36,2163,56,293,239,259,105,46,26,279,593,1457,2747,1971,848,1020,1209,187,193,134,189,816,703,1949,1474,841,312,262,1623,232,1924,1293,247,201,963
20-Jan,153,1784,56,1125,811,235,115,36,36,163,1105,1400,2773,2398,2292,796,1215,878,216,219,124,967,1270,1932,1513,438,272,259,1890,239,1781,1560,235,503,1317
21-Jan,56,849,56,2678,842,289,36,46,36,1459,561,1387,2106,3013,2286,748,1189,762,777,134,69,902,1433,1980,519,562,240,258,1844,217,770,1589,246,570,542
22-Jan,56,310,5,729,607,263,46,46,26,1368,249,1456,253,2991,2195,767,1217,803,125,127,177,1005,1895,955,510,803,244,245,1822,383,965,1945,820,574,223
23-Jan,46,281,5,283,658,0,46,46,0,1348,263,273,158,3012,2218,786,1216,175,130,127,115,1843,2229,1548,1937,594,194,231,2324,207,1522,2416,900,676,224
24-Jan,46,1440,241,294,653,0,36,46,136,667,267,257,123,2994,2266,765,254,177,136,129,238,2081,602,2351,644,547,213,255,1599,479,1827,2706,710,566,218
25-Jan,279,1400,36,381,165,0,36,96,56,261,105,1290,194,2751,2476,164,264,905,364,136,183,215,730,1930,642,560,237,233,1339,831,1834,2673,286,646,1074
26-Jan,611,1651,46,283,157,163,663,46,1419,157,100,1319,144,2760,2122,144,888,204,1220,130,134,249,257,174,1052,582,210,242,2335,824,1820,2705,236,491,1389
27-Jan,345,1418,59,283,1922,1462,444,46,388,147,148,1348,78,2762,1809,1198,719,143,644,144,155,1806,1367,499,1051,402,264,248,2670,630,1739,2796,327,537,1482
28-Jan,259,1339,26,293,2458,806,75,46,412,741,246,1305,200,2133,1609,1200,627,142,517,136,911,1159,1040,556,377,371,218,257,2693,719,1209,2931,1212,492,961
29-Jan,276,152,16,312,624,127,342,46,1222,103,148,1292,135,2743,1625,1979,531,281,133,139,2481,248,599,656,447,543,208,252,2640,236,1007,2763,754,506,218
30-Jan,56,183,166,307,708,76,395,46,1199,161,485,281,148,2756,2059,1728,983,154,140,144,1499,1261,289,406,581,641,217,244,2634,262,1524,999,688,461,257
31-Jan,56,577,6.00000000000001,313,214,46,402,56,1168,1400,499,273,375,2108,2064,1761,963,122,409,159,1938,245,257,641,543,679,235,193,2630,413,1688,2214,267,462,240
1-Feb,213,928,46,225,247,96,400,56,1232,762,51,516,1471,2155,2071,272,983,216,432,142,1079,248,211,496,659,857,244,248,2628,467,1634,2993,220,451,546
2-Feb,304,873,46,66,225,46,391,56,1181,815,88,507,1442,2128,2110,272,1225,202,422,707,652,307,291,754,226,302,235,244,2100,1000,1687,2962,262,525,758
3-Feb,333,1058,46,46,233,96,414,56,1162,147,443,499,1400,2124,2099,545,228,173,447,125,711,249,247,744,242,201,219,229,1550,934,1638,2953,244,472,753
4-Feb,293,866,56,291,224,36,259,56,368,433,446,495,1425,801,2202,837,1204,188,397,154,843,258,234,803,255,538,256,224,1506,907,706,2983,243,487,536
5-Feb,294,145,22,36,242,96,278,56,1194,142,441,374,661,770,2749,1444,1411,179,100,1504,934,250,1019,588,520,984,174,233,1546,343,639,2987,236,504,1397
6-Feb,268,144,22,46,1454,105,45,56,1076,155,429,132,143,1482,2765,595,1452,128,141,551,931,294,286,329,1415,988,246,254,1472,334,698,2820,414,488,1404
7-Feb,36,860,32,36,660,26,34,56,1207,162,422,126,745,1451,2121,186,1025,94,413,141,2448,263,720,1089,1457,368,248,194,1460,943,695,3015,851,489,1404
8-Feb,258,1030,32,1038,235,36,33,56,1181,1560,153,1565,631,1455,805,100,986,158,515,862,763,249,386,244,1349,1032,238,251,754,974,808,2932,244,508,1399
9-Feb,270,912,32,268,214,280,28,56,709,187,147,1594,305,1450,695,142,1422,133,512,774,128,243,406,264,920,800,238,132,1252,1003,684,2842,238,529,1399
10-Feb,269,1007,22,268,660,273,348,56,56,158,318,1598,238,1043,660,374,1359,140,336,136,949,254,516,655,933,424,313,249,1427,901,682,2836,927,519,1388
11-Feb,260,1023,32,269,1593,85,281,56,46,367,418,881,408,1061,607,378,1443,146,399,134,133,245,458,570,601,235,235,251,644,744,348,2834,830,541,1574
12-Feb,293,450,22,303,2303,150,418,56,946,378,225,950,194,1048,2161,394,1884,182,165,137,1663,358,202,544,566,214,238,254,691,210,344,2849,224,539,1594
13-Feb,56,486,119,283,1645,95,272,56,1213,385,320,942,1215,1598,2422,548,1930,123,159,481,2498,677,318,283,1128,212,245,225,923,210,1116,2855,231,587,1542
14-Feb,56,976,96,324,1618,96,262,447,1140,376,301,942,1176,1253,1212,393,982,146,155,159,1816,764,253,747,989,386,237,249,916,230,1298,2855,245,607,1602
15-Feb,217,983,36,280,224,85,267,26,1182,1148,328,962,1227,1307,1242,127,976,144,144,202,773,288,315,732,377,310,243,251,868,223,1305,2827,212,769,1597
16-Feb,56,1040,176,283,214,156,268,26,1150,1215,321,988,1200,98,2103,163,1208,146,143,168,146,301,313,484,224,377,179,244,912,263,548,3019,248,731,1531
17-Feb,308,900,36,253,248,145,265,36,1692,138,367,993,773,485,2117,405,1636,146,157,187,149,1137,257,1022,232,277,231,230,490,244,536,2926,240,567,1520
18-Feb,273,1018,36,263,56,157,160,36,1950,180,394,1590,796,837,1424,416,1646,166,152,181,1806,1381,233,901,880,277,269,257,808,235,417,2984,247,1375,1537
19-Feb,333,26,56,300,56,145,158,36,1889,164,131,1442,386,1299,2111,139,1615,176,175,150,765,1437,244,244,949,587,230,233,496,245,393,1105,248,2864,1535
20-Feb,46,46,56,294,56,160,159,46,1882,185,149,533,415,1506,1080,143,1596,160,177,161,109,1398,238,210,1496,580,179,238,620,245,1050,1475,244,1452,1536
21-Feb,56,1282,56,286,36,155,150,86,1845,1146,133,507,1221,1492,1098,161,720,156,149,157,126,1474,319,1045,713,219,225,237,322,1006,886,1666,260,153,1561
22-Feb,293,706,56,274,46,155,178,76,1869,1166,156,632,1169,1457,1045,132,775,142,158,161,136,336,269,664,224,230,243,224,453,1063,627,2781,357,216,1405
23-Feb,333,705,216,46,36,215,159,426,1877,1128,248,273,766,1444,588,163,2041,138,140,160,140,298,247,682,710,232,283,230,441,784,388,2773,352,230,1011
24-Feb,298,1165,36,36,192,628,497,380,1871,1196,125,292,774,1430,155,263,2069,139,150,150,138,1443,263,745,238,224,230,239,427,616,427,2773,914,162,738
25-Feb,937,691,76,313,183,46,408,26,1863,1131,139,765,736,624,168,130,2053,154,182,164,142,1881,312,719,291,238,216,246,455,605,438,2730,1389,204,1561
26-Feb,967,5.99999999999999,56,226,46,36,233,36,1932,1187,183,666,428,626,415,196,2018,140,146,101,128,1886,255,241,285,467,245,237,434,372,443,2169,1374,185,1566
27-Feb,264,114,56,297,106,56,219,36,1882,1128,175,143,143,757,381,143,1517,133,150,151,842,2052,254,235,1343,473,227,243,1419,364,945,1536,1384,331,1563
28-Feb,26,524,46,270,36,76,197,36,1841,1149,155,119,1175,776,497,163,259,152,141,156,748,971,246,1224,216,424,242,236,1417,1099,703,1533,1357,210,1561
29-Feb,0,0,46,0,0,0,306,0,0,0,136,0,0,0,657,0,0,0,134,0,0,0,250,0,0,0,243,0,0,0,602,0,0,0,1937
1-Mar,278,441,46,36,166,76,337,145,1821,1145,156,951,1718,755,1123,134,246,190,167,159,747,935,264,2142,236,489,245,237,1393,1464,685,1583,1020,146,1395
2-Mar,276,515,46,36,155,56,304,36,1873,1173,254,128,1117,1648,204,148,646,137,141,146,105,1207,255,1630,843,473,243,261,288,1776,728,808,987,607,1384
3-Mar,343,402,46,36,173,147,352,46,772,1207,145,430,1826,1639,212,194,507,123,224,135,146,909,807,955,313,208,221,231,238,1798,627,790,1371,787,1396
4-Mar,263,569,36,283,1032,181,337,36,995,1183,126,678,1698,651,525,196,113,717,1088,145,905,935,270,819,221,224,245,236,377,1876,1368,538,1368,672,1397
5-Mar,277,16,46,631,1006,271,346,46,1032,1174,143,952,1412,617,155,339,234,643,150,170,804,914,248,484,222,453,250,229,485,1558,617,224,1422,728,1390
6-Mar,46,46,36,601,999,145,321,268,1042,1130,151,988,724,1273,132,575,347,163,134,161,675,925,270,417,1647,473,240,207,716,1562,648,211,1098,700,1398
7-Mar,56,478,36,557,1042,26,352,402,994,1192,138,931,1735,1335,142,641,160,156,1531,219,143,945,153,1101,791,483,244,197,699,1898,631,204,1099,663,1859
8-Mar,250,454,36,318,125,46,316,374,1529,1151,138,1193,1736,99,1081,133,176,153,133,210,178,235,548,1755,610,488,209,211,656,2112,474,238,230,683,997
9-Mar,36,1093,82,36,145,146,326,36,1078,1133,151,1198,1427,1820,1499,132,259,491,135,144,142,194,228,1886,553,461,229,243,679,1995,376,238,418,756,1844
10-Mar,26,495,46,36,501,933,336,36,260,1153,164,784,1442,1748,413,595,361,154,655,150,565,935,488,1102,680,509,251,236,687,1942,612,229,752,698,1853
11-Mar,56,470,56,313,391,945,353,46,165,1110,137,696,1427,149,375,639,342,148,136,149,1580,1114,536,962,329,495,242,224,1018,2027,1319,774,710,1363,1493
12-Mar,36,26,196,283,491,999,349,36,911,1165,117,725,1408,155,145,618,514,349,141,104,2026,926,477,231,673,498,248,216,1315,1564,609,1151,699,764,1395
13-Mar,56,26,36,254,205,1327,410,46,260,1153,128,383,1400,967,117,609,541,143,170,1035,1780,1056,264,234,1014,524,282,224,863,1499,649,855,677,630,1341
14-Mar,56,486,36,273,36,431,396,56,1118,1193,141,397,1388,939,128,614,227,148,130,132,142,977,166,495,816,335,216,221,1059,1862,644,599,516,811,1857
15-Mar,215,463,46,296,46,36,429,166,260,1184,209,329,630,949,150,587,296,154,130,135,129,240,266,758,231,590,249,230,1134,1939,669,595,223,687,1319
16-Mar,396,1065,36,36,46,137,622,26,282,1164,141,337,603,947,161,623,519,150,134,121,141,243,256,1934,982,863,241,232,1376,1797,355,556,229,667,1440
17-Mar,420,260,36,26,36,128,413,46,235,327,144,139,551,509,159,587,413,150,131,141,210,537,898,1956,572,522,236,230,1601,1787,599,1497,1086,642,1767
18-Mar,1056,278,36,151,86,127,391,46,1193,574,189,248,576,288,349,627,161,130,136,133,183,573,245,1034,424,547,236,230,1503,1540,1366,600,204,693,1375
19-Mar,896,36,36,150,36,166,393,56,2667,627,135,143,430,273,504,604,174,170,138,142,151,627,270,302,450,515,240,226,1577,1216,616,551,275,688,340
20-Mar,736,36,0,110,1401,150,509,36,2602,602,134,169,380,265,1068,686,247,139,149,145,132,629,245,400,450,519,253,227,807,1185,613,607,374,634,335
21-Mar,1775,1561,0,96,1228,137,497,66,2545,584,134,156,502,267,1081,596,180,142,161,154,171,634,295,932,273,532,216,226,1320,1546,627,596,453,300,654
22-Mar,902,1557,0,90,1287,139,504,56,1022,961,185,411,510,239,1081,134,179,160,149,178,389,254,257,732,277,1349,230,226,1289,1558,627,617,438,755,638
23-Mar,723,1542,0,98,26,167,517,46,927,206,152,538,490,262,512,144,1785,142,106,155,129,259,1186,844,239,560,228,225,1941,1550,614,579,503,593,593
24-Mar,702,1699,46,95,26,117,517,66,595,232,150,517,468,248,135,611,1647,147,140,148,133,1850,1448,1633,234,371,242,224,1809,1191,641,1603,402,641,606
25-Mar,293,1539,36,180,85,1343,581,46,26,233,155,2092,508,264,263,1230,1019,142,142,140,150,1752,1054,1678,207,342,239,246,1849,697,1373,601,481,776,592
26-Mar,292,884,36,146,36,142,564,46,1029,213,152,2177,146,255,549,746,1406,147,141,169,126,821,243,253,243,278,224,236,1900,361,632,627,492,679,329
27-Mar,401,954,0,966,36,747,541,46,1059,831,152,2015,198,254,556,729,1314,168,146,146,228,1035,273,225,511,494,241,223,1164,393,589,652,395,679,430
28-Mar,26,1671,0,177,96,145,613,46,620,835,122,2169,211,312,523,717,921,143,129,136,124,1120,239,162,281,437,420,222,1062,1142,559,579,501,762,431
29-Mar,1135,1115,0,171,36,147,683,46,650,634,129,1817,205,342,155,390,919,131,100,159,138,354,237,97,220,271,244,243,1261,1157,259,638,467,694,434
30-Mar,292,1203,0,94,36,491,669,56,666,1221,720,634,410,308,144,370,1698,120,118,154,136,811,352,95,522,323,252,213,1292,1063,222,625,506,725,489
31-Mar,1192,1108,0,46,96,2131,725,56,26,2909,698,1191,1399,313,159,782,2014,126,130,161,143,2085,1623,115,549,257,596,221,1306,1014,328,1596,514,472,288
1-Apr,1103,1205,0,90,108,1469,667,56,34,3017,750,1627,2098,308,60,720,2029,129,138,156,150,2042,689,124,297,259,542,237,1367,849,202,625,536,124,196
2-Apr,250,366,0,95,96,530,681,54,623,2998,721,2283,2090,302,102,742,1950,128,137,155,147,240,271,604,235,507,590,215,1327,432,253,612,478,62,286
3-Apr,16,376,0,46,102,1771,651,56,766,2982,736,2664,2009,311,132,728,1801,131,157,150,146,244,275,1458,732,571,477,243,545,433,360,655,442,113,227
4-Apr,6.00000000000001,1700,0,66,96,464,679,136,738,3008,400,2542,1890,317,116,738,620,139,179,145,161,301,251,1687,297,694,241,229,371,1147,418,685,455,206,280
5-Apr,1257,1453,0,36,104,479,709,36,632,2990,135,2621,1892,303,143,136,642,370,157,149,142,265,435,1608,247,542,235,228,203,1173,1375,702,246,182,231
6-Apr,1979,967,0,96,95,458,734,36,917,3003,144,2701,1958,389,283,131,797,495,132,161,150,255,241,2191,246,461,248,438,213,1196,1252,627,229,280,244
7-Apr,1394,1728,0,36,105,466,497,36,16,1848,127,2239,2010,316,285,367,754,632,129,145,145,259,241,1019,295,365,241,229,221,1146,1073,1526,250,273,235
8-Apr,898,1863,0,86,95,496,475,46,26,1814,124,2098,2097,294,49,500,793,700,135,145,148,256,256,1060,285,372,233,255,204,1230,1040,641,231,144,198
9-Apr,126,2097,0,63,115,549,570,46,370,1287,150,2187,2114,303,138,499,762,721,129,205,123,262,190,745,194,501,236,229,241,783,1365,605,230,1193,245
10-Apr,26,2022,0,56,126,548,534,56,352,1332,136,920,2051,504,123,496,671,691,132,730,134,273,244,336,398,488,243,233,241,849,1380,724,265,1514,234
11-Apr,26,2052,0,106,159,531,566,924,349,2034,115,944,2023,619,132,485,291,707,118,702,143,304,232,2032,253,558,231,237,195,1044,1389,611,199,1509,236
12-Apr,244,2085,0,26,92,948,579,991,350,1990,163,2191,2056,603,118,150,195,650,139,134,141,1399,248,2009,266,599,220,222,179,1097,1390,1606,219,1509,238
13-Apr,257,2058,0,86,85,1988,580,26,238,554,575,2135,1913,624,328,100,742,690,136,141,153,1391,263,2156,228,730,227,222,247,1216,1343,1602,225,1497,806
14-Apr,287,1974,0,36,85,1922,622,26,26,177,581,2260,2249,645,162,697,765,515,136,135,155,987,258,1535,229,222,399,219,229,1224,422,1598,252,1602,234
15-Apr,265,2005,0,86,86,2017,567,36,36,796,381,2280,1750,504,15,648,798,499,139,141,144,1729,800,481,219,171,334,223,302,1129,421,1599,339,1605,331
16-Apr,26,1971,0,26,95,2159,580,26,355,477,407,2311,1991,498,112,627,1166,519,142,141,140,1373,267,238,254,224,448,250,222,886,632,1579,341,1608,383
17-Apr,56,1909,0,96,86,2782,571,46,348,1112,437,654,2095,473,184,628,630,267,141,622,151,922,254,307,159,205,388,216,218,2016,626,1578,346,1185,553
18-Apr,56,1815,0,26,86,2950,580,96,557,1131,536,684,2136,854,126,649,1946,261,150,688,145,1347,247,513,262,222,422,234,238,1962,630,1591,262,144,436
19-Apr,146,1730,0,96,105,2763,559,46,1235,1177,510,1171,2131,884,74,159,525,266,147,713,94,527,431,601,300,233,246,226,233,2059,1035,1594,262,212,393
20-Apr,245,1420,0,36,118,2770,537,36,349,1518,762,1219,2057,848,217,120,1891,258,161,115,122,474,539,522,333,342,221,221,267,2051,685,1592,231,1794,391
21-Apr,967,1838,0,86,134,2780,420,46,26,1476,948,1200,2003,827,100,678,2761,253,142,113,87,1939,506,268,265,322,378,227,203,2062,258,1589,217,2748,234
22-Apr,172,1029,0,522,170,2750,393,56,100,1504,1573,1217,2044,703,45,664,2949,327,131,123,149,1564,565,295,275,318,473,225,224,2035,229,1588,195,2746,236
23-Apr,272,343,0,114,155,2740,404,56,1170,1381,1442,1016,151,748,177,618,2863,276,135,94,147,1436,475,248,248,774,508,215,214,1272,283,1588,304,2631,289
24-Apr,56,453,0,26,258,2740,386,147,1396,1720,1454,140,181,823,120,652,2964,259,107,87,159,1591,188,265,796,373,476,240,213,910,317,1574,428,2718,221
25-Apr,56,751,0,96,273,2645,564,463,1492,1813,1166,129,311,826,120,627,1843,267,235,170,130,1666,159,721,1259,676,473,192,216,551,511,1594,393,2720,259
26-Apr,215,1685,0,26,272,2540,392,953,1847,1797,1187,859,401,829,135,650,1621,258,1159,147,190,1292,238,672,779,732,473,237,467,647,760,1591,391,2720,212
27-Apr,311,1727,0,46,272,2790,392,311,1432,346,934,866,124,847,113,666,2404,254,894,141,135,1314,242,903,1076,699,446,417,475,814,784,966,388,1600,212
28-Apr,195,1819,0,94,263,2760,409,603,26,382,909,840,749,818,109,634,2105,259,101,140,140,1199,768,1177,1155,276,542,374,356,946,908,1212,367,760,243
29-Apr,222,899,0,520,263,2026,444,350,46,795,898,832,417,395,201,679,2482,264,95,146,139,1221,207,929,1422,278,436,374,375,869,718,1164,337,663,266
30-Apr,276,662,0,238,273,2023,400,342,1266,1088,938,893,107,393,179,668,2458,269,152,571,143,1089,245,947,1560,400,386,497,401,397,951,1605,340,549,228
1-May,56,687,0,282,282,2021,296,363,1393,1562,903,181,130,384,149,984,2540,287,367,604,133,1176,262,1195,1591,268,417,421,358,364,1482,1276,353,548,239
2-May,56,500,0,292,266,1646,289,1587,1165,1651,708,124,129,387,189,1013,862,254,108,547,146,1270,226,1023,1618,275,393,313,328,607,1426,1386,364,609,216
3-May,280,537,0,296,267,1136,283,1992,1468,1719,697,131,381,398,208,483,1300,386,116,553,124,524,252,1269,1593,349,393,229,483,127,1302,605,370,660,249
4-May,307,569,0,287,276,1319,277,2013,1356,276,472,122,135,372,145,484,1729,400,499,556,139,335,232,1439,1531,285,385,239,254,182,1292,1205,377,399,246
5-May,417,500,0,321,254,2636,340,2034,1740,245,480,133,1000,357,143,1818,1419,374,555,124,89,1208,234,1236,575,285,372,208,262,249,676,956,380,386,246
6-May,632,530,0,263,273,2061,277,2084,109,561,433,354,693,369,129,910,1299,252,126,131,147,337,147,997,208,287,417,287,519,1389,758,1317,380,296,249
7-May,425,528,111,273,326,2028,637,2082,1177,536,485,336,130,389,132,836,1686,271,126,639,141,261,765,290,287,68,407,290,376,440,682,3151,381,296,236
8-May,16,502,0,232,352,1932,658,2166,2055,528,504,557,131,407,502,728,2385,329,732,630,153,292,241,946,874,103,395,1950,413,492,877,3248,648,281,189
9-May,26,1387,0,363,355,1144,631,1977,1951,534,1346,169,457,374,459,668,1079,270,674,1085,142,1279,825,1133,1055,155,383,878,429,427,687,3195,496,257,227
10-May,908,1371,0,297,345,716,624,2730,1987,548,1368,382,465,413,483,166,1794,277,717,983,136,1199,939,987,1085,117,414,1147,351,568,729,3069,571,260,398
11-May,1369,1438,0,347,335,995,150,2780,1946,549,2189,407,411,347,264,162,2757,245,1129,601,141,1285,927,1328,1213,119,419,1901,229,553,738,2799,439,206,286
12-May,1405,1398,0,334,335,867,157,2777,681,548,1792,1416,460,138,120,737,2536,271,1109,126,119,1313,212,884,1086,106,402,2157,221,928,533,2894,546,145,827
13-May,1214,1352,0,372,342,985,162,1613,719,1063,1759,1670,467,169,515,676,1316,267,723,120,125,1295,202,1200,225,125,407,2385,399,684,748,2889,558,186,659
14-May,688,770,0,333,292,1133,159,1604,1446,1327,1362,1938,185,211,447,654,1520,229,217,581,140,1241,227,259,273,116,401,2413,258,449,937,2895,678,190,585
15-May,16,469,0,273,347,1330,152,1612,1452,1152,1370,1926,215,167,489,671,1381,144,482,727,122,1222,234,288,604,113,407,2336,278,433,918,2884,878,459,595
16-May,16,814,0,328,322,868,231,1626,1465,365,923,1027,524,523,471,678,912,145,493,810,83,1191,241,260,471,143,418,937,545,1203,1066,2899,1194,732,426
17-May,1173,1165,0,327,333,718,236,1578,1017,374,893,1051,376,259,407,128,974,260,644,729,141,859,249,1460,539,241,383,969,598,1231,1325,2874,1555,644,515
18-May,425,2100,0,337,332,1090,218,1583,26,378,738,1194,401,278,213,133,994,253,712,750,130,864,233,1376,570,234,384,2178,1068,1270,1353,2666,1518,626,530
19-May,377,2012,0,333,382,1183,212,26,26,388,747,871,393,258,150,381,1010,336,491,631,120,529,282,1407,606,294,515,2111,697,1411,1043,2672,1032,657,538
20-May,226,2059,0,323,283,1168,198,26,26,244,798,1290,625,553,503,390,995,280,398,493,136,603,285,1099,294,302,507,2228,748,1404,1040,2830,935,658,515
21-May,820,1269,0,264,305,1393,216,36,1316,622,1124,775,154,155,488,843,943,269,394,469,108,542,558,982,230,1236,491,2320,705,994,877,2892,971,421,527
22-May,26,946,0,273,273,1188,212,1088,1434,994,1525,435,132,473,605,620,910,137,664,519,98,767,250,711,787,552,542,1715,366,917,815,2539,1037,181,525
23-May,16,1295,234,293,273,703,212,281,1665,726,678,451,562,542,825,632,516,134,697,637,110,659,247,323,896,629,533,719,298,1242,1158,2845,789,605,534
24-May,900,1487,0,277,273,660,209,373,1650,825,670,605,762,521,813,698,447,391,1526,267,155,608,817,470,828,545,750,246,300,986,1374,2185,771,192,536
25-May,919,1588,0,284,293,654,204,919,1733,396,694,598,687,471,655,912,625,374,933,315,472,251,200,224,614,553,219,753,386,1156,1392,1761,370,358,551
26-May,843,1609,0,284,46,1312,201,1132,16,432,598,627,748,529,208,902,745,378,117,410,131,480,445,190,850,626,484,1261,365,1023,713,1271,505,351,0
27-May,888,1638,0,282,36,1143,191,268,16,706,597,642,741,478,195,2198,717,367,355,153,356,471,668,267,651,203,578,1288,352,1106,316,1003,473,351,0
28-May,819,1440,0,345,46,808,267,36,36,1080,607,1085,448,169,1130,2779,837,402,142,448,131,528,484,651,185,989,501,1318,361,657,472,1550,653,359,0
29-May,601,1342,0,284,156,1064,267,36,46,1147,612,444,443,491,1114,2814,1601,360,351,388,106,527,686,261,389,914,529,1392,644,225,761,1343,571,339,0
30-May,36,2025,0,316,46,659,330,686,1148,1160,718,439,573,495,1076,2762,584,140,453,417,443,517,564,478,962,438,679,767,352,610,681,1403,478,613,0
31-May,126,1891,0,303,145,550,373,1164,1668,1145,683,719,666,498,856,1859,853,856,464,450,417,490,1202,511,809,636,696,224,642,554,665,1358,700,206,0
1-Jun,462,1873,0,253,36,1172,507,1253,1740,915,642,939,545,563,834,2185,1129,1039,467,453,484,553,989,596,869,1004,630,600,508,577,695,824,337,812,0
2-Jun,352,1928,0,273,155,1212,726,1162,1231,854,996,1398,545,534,833,2171,1260,887,1228,400,120,490,984,548,995,873,1092,728,634,536,661,818,479,1431,0
3-Jun,484,1834,0,1239,36,1182,776,552,1219,1135,937,1149,539,529,1065,2088,1635,1009,441,134,185,948,765,537,725,176,793,524,511,477,226,1121,583,1173,0
4-Jun,445,1345,0,905,155,955,728,26,920,1158,884,998,487,144,1041,1192,992,697,126,437,392,683,786,847,231,817,775,684,422,719,750,1177,531,341,0
5-Jun,247,590,0,1311,55,996,785,343,930,381,1551,296,84,922,1049,1721,963,396,401,415,105,699,647,653,500,760,833,713,696,356,681,1373,559,394,0
6-Jun,254,348,0,859,158,619,713,356,957,380,972,240,540,1448,1046,1669,1009,119,407,440,304,892,300,485,522,784,959,890,306,849,777,1455,477,598,0
7-Jun,997,1562,0,850,98,522,749,848,1172,440,2670,434,686,1470,764,477,953,697,443,455,315,553,649,844,584,1180,675,228,593,862,784,1097,783,171,0
8-Jun,1239,1561,262,273,36,2238,737,89,1674,397,2663,307,770,1458,768,276,1183,693,624,449,569,572,847,551,560,1206,594,668,618,830,776,1154,238,401,0
9-Jun,1226,1804,0,277,79,1898,722,36,1164,196,2639,421,1170,1450,781,1585,1166,679,944,638,112,1529,1373,1005,533,757,812,546,448,894,700,1053,528,350,0
10-Jun,966,2745,0,737,146,1155,758,372,1139,369,2689,1371,1134,491,1607,1577,819,728,392,144,130,1168,800,1398,724,120,739,528,478,818,275,1195,475,353,0
11-Jun,26,1377,0,490,155,1378,748,36,291,571,2742,1383,677,121,1560,1850,1200,716,130,414,397,1174,1202,765,561,853,785,664,499,650,892,1217,542,376,0
12-Jun,126,1115,0,499,145,1458,699,418,144,738,2861,618,677,871,1587,1824,1015,395,443,411,125,1225,886,1083,636,813,652,584,701,291,672,1574,489,697,0
13-Jun,141,1791,0,243,264,580,760,66,1485,730,2868,610,1085,883,1578,1779,1163,250,438,447,621,1214,351,504,1056,733,1015,760,191,843,665,1572,693,1273,0
14-Jun,1101,1768,0,254,95,455,740,76,1479,698,2848,589,1040,1045,1605,674,1038,1262,323,419,391,885,549,828,1111,737,903,236,484,659,632,1489,629,121,0
15-Jun,1352,1730,0,264,86,1157,754,66,1513,694,2837,458,1023,724,678,680,1794,1254,1147,449,364,881,413,486,972,822,874,486,522,662,615,885,232,452,0
16-Jun,1199,1731,0,253,266,1157,754,76,718,409,2800,475,639,751,694,615,1759,1233,562,408,152,1278,568,1345,704,670,449,609,498,655,674,559,554,381,0
17-Jun,1401,1401,0,361,273,1163,736,86,733,643,2788,420,729,507,1841,566,1705,1215,426,145,391,1165,744,622,773,173,624,578,465,661,468,663,695,391,0
18-Jun,1441,710,0,286,257,1147,612,66,1131,742,2797,663,712,127,1069,583,1375,1229,125,405,400,1383,684,655,225,640,653,686,556,620,628,906,770,396,0
19-Jun,453,510,0,290,284,1155,656,36,1142,900,2758,778,710,1286,1208,622,1649,401,394,395,557,1719,771,284,717,661,535,1286,661,319,596,888,660,382,0
20-Jun,230,1171,434,273,876,443,646,78,1169,948,583,712,1183,1264,1106,647,403,232,442,459,248,1530,300,462,499,693,623,1511,208,482,580,909,475,599,0
21-Jun,1322,1234,0,280,261,384,649,26,1158,931,636,819,1178,1261,1417,645,121,825,682,471,699,835,530,698,575,646,833,1529,558,542,671,1104,736,196,0
22-Jun,1511,1646,0,244,335,1099,869,696,1136,433,1719,859,1163,1275,1347,603,1663,765,385,458,511,829,558,477,595,644,238,1450,514,542,919,988,309,404,0
23-Jun,1328,1618,0,266,1217,1008,701,1409,46,382,1180,775,1532,1288,1364,653,1564,783,939,407,832,1051,621,674,476,623,569,1456,469,540,823,594,440,395,0
24-Jun,1500,1678,374,585,474,937,680,1388,36,415,934,841,1250,677,1365,597,1563,594,395,135,833,1205,1232,799,718,181,442,1357,474,483,426,833,635,391,0
25-Jun,1574,967,0,1319,376,1039,612,1376,1261,1132,1067,821,867,694,1078,594,1607,556,129,408,375,1023,1073,706,1180,663,701,1585,453,660,733,654,530,366,0
26-Jun,511,517,0,1450,391,1180,616,1308,721,561,1039,437,846,1287,654,607,1598,588,735,420,1570,1156,1327,428,509,638,553,1513,657,268,953,716,495,345,0
27-Jun,253,1545,0,1385,1120,374,584,2004,1291,859,602,458,996,1278,1024,684,326,588,442,411,810,1220,1101,814,1057,660,540,737,240,661,895,939,537,604,0
28-Jun,1334,1484,0,725,273,380,610,1662,1280,820,598,746,1245,1273,1027,676,155,521,337,405,449,503,637,802,745,650,712,323,489,548,915,966,623,182,0
29-Jun,1397,1581,0,135,254,1169,632,1647,1274,433,990,717,1211,1284,483,673,1701,411,455,411,468,205,712,566,556,640,243,607,570,492,872,683,235,456,0
30-Jun,1188,1456,0,155,496,1396,595,1705,277,423,979,709,1243,1271,714,672,1442,431,456,415,156,1466,723,580,1143,676,531,570,467,482,759,675,652,424,0
1-Jul,740,1760,0,544,396,1275,630,909,45,1592,1790,710,810,740,1396,541,982,601,446,156,1307,1013,654,713,1003,176,656,546,486,568,229,535,591,431,0
2-Jul,1203,667,0,332,333,924,661,865,1284,1405,1338,684,600,713,1003,671,1013,415,128,461,1155,1417,642,766,741,630,577,521,501,769,949,959,511,494,0
3-Jul,636,669,0,553,469,664,619,1400,719,1612,614,705,457,1320,1007,975,415,447,429,423,688,1213,940,170,887,687,530,544,671,279,792,1283,603,300,0
4-Jul,246,869,0,281,329,391,618,873,637,1058,612,726,456,1270,901,1011,431,473,412,415,806,1380,878,579,829,643,529,765,185,492,834,1614,473,532,0
5-Jul,683,1552,0,365,375,369,680,2646,1066,691,615,717,443,1105,550,993,126,953,1473,758,402,1520,1367,706,496,663,716,234,454,486,762,2633,805,373,0
6-Jul,1630,1727,0,245,419,1418,638,2615,491,1588,1371,703,962,1125,496,1038,1487,1038,858,423,344,1656,1134,577,816,712,242,571,453,479,843,3103,244,334,0
7-Jul,1730,1764,0,223,834,1153,639,2695,493,1623,1344,887,966,1109,150,998,2051,373,1264,733,479,1583,1108,482,384,987,531,540,501,562,780,3099,471,457,0
8-Jul,1819,1634,0,528,609,1366,637,2770,489,1476,1403,921,940,1585,965,915,1455,779,408,735,523,1428,1102,522,821,480,536,553,444,483,356,3249,533,387,0
9-Jul,1842,1206,0,600,572,1365,668,2759,1119,912,1329,895,951,1651,953,1048,1437,862,749,866,685,1457,887,716,866,1135,553,573,499,700,837,3343,531,316,0
10-Jul,912,883,0,592,601,1326,645,2230,891,911,1355,807,935,1876,542,1013,1428,531,1493,1067,422,1161,714,328,946,743,715,459,792,237,595,3085,596,318,0
11-Jul,737,1718,0,563,612,595,586,1902,1061,916,1166,807,918,1891,974,1034,632,479,1290,1026,437,1566,236,561,523,609,694,762,197,490,632,2701,518,641,0
12-Jul,1802,1693,0,1463,362,555,636,2068,619,1105,1144,885,1238,1824,663,959,678,495,1153,1021,549,1709,726,642,354,714,716,274,438,548,490,3287,798,204,0
13-Jul,1800,1981,0,263,372,1405,649,2011,460,363,1917,891,1218,1850,518,976,1436,427,732,1018,419,1565,861,493,1335,661,418,537,442,525,594,3312,253,418,0
14-Jul,124,2107,292,273,586,1434,638,1890,575,375,1898,920,917,1907,177,1162,1605,422,740,405,139,1575,863,584,780,629,724,592,465,544,711,3307,468,392,0
15-Jul,1772,1942,283,1284,601,1398,629,889,589,999,1202,896,507,1602,1112,1119,1579,408,388,131,482,1613,470,578,1336,188,756,479,507,483,283,3302,572,587,0
16-Jul,1897,1687,236,570,644,1371,647,920,606,978,1918,881,521,1664,1169,1451,1546,591,131,1025,802,1497,794,759,207,671,731,531,419,659,453,3289,584,562,0
17-Jul,980,1355,123,563,632,1397,635,1795,581,1012,1955,1160,163,1671,916,1517,1578,538,584,1046,739,1289,762,246,665,568,993,558,728,299,660,3127,532,420,0
18-Jul,665,1948,178,556,613,556,645,1834,766,1014,427,1164,928,1657,1194,1068,1008,615,755,1052,800,1425,235,524,1077,640,1022,755,263,474,563,3312,594,651,0
19-Jul,1856,1525,144,1776,388,1159,451,1663,845,1007,435,818,980,1659,1175,1019,1001,991,382,1074,775,1039,499,528,897,509,917,243,442,499,510,3290,742,195,0
20-Jul,1832,1927,172,1408,372,1369,367,1621,926,505,1391,1044,991,1660,513,993,1569,1001,399,1026,485,1135,523,529,792,546,203,554,508,475,542,3312,239,648,0
21-Jul,1627,1385,256,1463,611,1430,392,1588,879,395,1376,1075,934,1585,491,1459,1536,991,437,395,89,1395,528,568,573,771,518,547,477,474,768,3315,515,751,0
22-Jul,1162,2070,125,1776,615,1388,452,909,593,1376,1388,1099,939,902,1882,1461,1535,980,438,277,881,1128,445,511,669,150,539,542,484,484,227,3315,615,538,0
23-Jul,1227,1863,145,1786,604,1423,471,694,351,1398,1363,1106,607,868,1858,1421,1481,911,130,1043,692,929,533,748,254,461,521,540,453,666,577,3330,556,446,0
24-Jul,446,1208,601,1807,1117,1387,451,1720,841,1041,1386,705,490,1341,1854,1467,1311,698,421,1046,400,824,932,284,867,467,553,545,661,279,570,3317,473,536,0
25-Jul,382,1999,610,574,1087,1276,521,1861,602,785,429,671,843,1284,1821,1537,710,696,447,1062,469,844,237,629,840,474,616,709,231,484,517,3320,515,676,0
26-Jul,1083,1910,762,565,486,814,486,1839,1097,804,431,974,825,1322,1866,1233,661,1335,737,1053,528,855,848,538,924,410,740,604,412,543,600,2346,738,196,0
27-Jul,1197,2124,26,273,383,1101,521,1816,1046,389,1421,970,843,1442,528,1022,1732,1364,822,1091,423,827,504,563,1032,425,232,924,521,479,402,908,219,630,0
28-Jul,1184,2112,165,263,591,1132,526,1814,1182,393,1416,951,797,1411,503,1511,1832,1334,1147,467,141,1119,530,535,857,662,524,760,467,515,831,856,619,470,0
29-Jul,1122,2148,175,868,632,1159,471,983,380,1013,1412,948,730,821,611,1252,1911,1299,1374,88,398,1113,502,503,672,291,522,769,497,482,300,1158,555,564,0
30-Jul,1139,1833,665,847,658,1518,485,977,1160,369,1433,942,411,813,628,1237,1881,1334,112,149,307,1055,607,700,207,528,524,822,466,810,637,1202,583,431,0
31-Jul,245,1177,590,1125,627,1487,478,1862,1175,444,1419,928,198,1700,640,1320,1897,861,1874,1491,516,917,760,335,803,628,526,529,672,232,542,1400,552,377,0
1-Aug,375,2141,649,1084,629,773,452,1819,1165,769,421,923,544,1663,662,1366,449,882,1932,516,399,960,237,781,811,737,571,707,241,876,530,1423,545,736,0
2-Aug,1744,2213,599,1087,402,829,451,1593,1163,1052,425,1817,552,1277,683,727,185,1099,1402,933,1081,570,674,712,745,769,788,256,458,482,577,1294,735,151,0
3-Aug,1995,2204,609,278,410,1144,471,1568,1154,726,971,1583,573,1251,669,663,1117,1001,1277,1328,837,863,631,716,803,935,236,485,440,541,529,1188,294,919,0
4-Aug,1984,2098,248,258,645,1126,461,1649,358,746,912,1599,567,1278,131,1236,1076,1093,1501,411,853,1032,516,612,870,769,531,546,451,565,674,950,457,896,0
5-Aug,1835,2184,137,862,600,768,471,448,36,863,985,1615,570,844,729,1292,1087,1093,1442,346,1123,966,644,679,614,380,511,571,461,617,286,1039,504,487,0
6-Aug,1845,1856,965,800,621,779,392,499,1288,889,926,1634,520,864,762,1306,1114,1169,1019,1112,714,1138,492,686,258,677,565,586,489,655,727,1023,395,559,0
7-Aug,-3,1354,1004,1681,915,903,423,1158,946,1456,1015,752,514,899,734,1300,1055,679,2139,1131,619,1018,821,223,1152,645,510,531,705,231,1043,1047,537,777,0
8-Aug,16,2215,1014,1709,930,765,412,445,837,1431,451,511,922,930,748,1005,259,678,1944,1066,546,1043,253,1048,1090,602,527,793,196,1136,1139,1080,450,646,0
9-Aug,1419,2198,1054,1708,620,778,412,614,959,1450,709,1065,661,1189,765,567,305,723,876,1136,410,894,1019,706,1022,658,708,222,619,1186,809,788,644,538,0
10-Aug,1289,2268,1023,1174,372,729,422,75,853,591,1418,1048,663,1047,708,611,1514,701,1391,1229,536,934,477,547,1037,730,231,781,466,1185,692,803,195,1565,0
11-Aug,1291,2281,304,1222,763,788,481,1149,371,380,951,1101,665,937,552,774,1081,798,907,597,628,1114,559,532,1071,611,512,821,472,1132,722,426,755,1813,0
12-Aug,1432,1633,155,998,739,766,471,759,36,876,982,1100,1030,503,1308,1070,1119,797,747,546,787,1095,467,831,751,180,551,768,491,1268,275,1163,632,1716,0
13-Aug,1310,142,1013,999,735,1033,471,765,1366,994,1002,1067,564,513,1220,1074,1239,727,833,335,786,1114,604,663,248,620,542,752,458,697,907,1246,515,1361,0
14-Aug,470,140,1009,1479,763,1044,471,1622,943,815,1004,385,138,694,1308,1011,1218,642,1476,1343,812,976,831,288,1014,672,580,772,665,275,995,1217,387,1333,0
15-Aug,16,1911,1100,1496,741,597,462,1613,781,829,433,289,930,686,1295,1111,475,623,1508,1977,433,1273,243,825,982,612,508,750,211,1206,1013,1479,514,1115,0
16-Aug,1293,1950,967,986,622,650,472,1592,1197,830,409,441,926,693,1019,642,528,761,1409,2016,652,967,653,767,887,793,684,560,724,1122,852,1520,686,1088,0
17-Aug,1263,2341,991,283,619,728,481,1640,1145,625,934,555,1487,686,581,982,1089,750,1320,2000,370,871,823,751,874,658,237,1349,749,1127,730,1599,129,1113,0
18-Aug,1285,1941,273,253,776,738,451,1628,559,376,422,368,2445,693,549,1268,951,744,819,1003,135,1413,1462,822,734,650,523,1221,793,1121,724,1643,1236,874,0
19-Aug,1156,1940,148,1000,766,511,481,773,539,938,483,365,2426,522,1523,1347,1067,793,737,1022,863,1463,1513,638,645,678,526,1173,532,1170,251,1246,974,651,0
20-Aug,1215,1919,991,1034,748,550,471,739,1427,854,484,501,2443,506,1581,874,1069,778,869,973,823,1295,1207,820,366,594,699,1176,423,715,1147,1089,844,653,0
21-Aug,396,740,1730,995,710,1333,461,1653,1409,834,427,384,2434,724,1557,841,1031,393,1922,1966,420,1398,852,336,1300,497,571,522,651,375,1212,994,957,525,0
22-Aug,16,1962,1728,989,721,0,402,1652,797,904,490,524,2437,710,1523,577,1268,337,1435,1484,738,1232,242,725,1086,506,509,762,238,1035,1231,995,941,709,0
23-Aug,905,2303,1769,1000,640,0,342,1629,1422,926,495,433,2309,958,1619,515,671,400,930,1456,668,904,1079,570,1073,548,734,232,896,929,1231,1097,674,257,0
24-Aug,937,2323,1786,639,600,1191,345,1625,458,370,671,416,2432,987,567,303,1506,720,854,1119,639,867,1032,677,851,635,236,1206,511,1151,1236,850,327,1006,0
25-Aug,961,2241,1463,633,736,741,352,1646,1385,446,740,1482,2366,975,556,859,897,955,1298,1467,139,1299,937,561,877,633,690,1198,587,1143,688,239,1167,964,0
26-Aug,1017,2105,987,1315,728,729,332,1171,1433,938,738,1445,2343,825,1353,885,875,918,486,1206,474,1376,1016,902,650,684,491,1213,509,918,251,864,1153,1052,0
27-Aug,949,798,1758,1240,768,750,352,1202,1377,927,682,1426,1425,846,1361,1441,1030,902,129,1468,492,1241,1122,722,279,699,524,1161,573,636,1253,899,1118,931,0
28-Aug,66,125,1792,1227,704,629,332,1676,1431,902,756,711,1352,929,1364,1653,966,752,962,1668,562,1297,1096,340,1063,685,837,1157,698,229,1311,759,1267,1031,0
29-Aug,75,2026,1944,1238,650,616,283,1417,846,916,442,616,1364,900,1352,1527,817,387,909,1551,523,1236,244,744,1096,652,848,1062,216,481,1323,741,1151,990,0
30-Aug,969,1351,1867,1231,421,597,205,1614,1072,893,437,628,1387,935,1343,1128,686,859,834,1900,533,858,1388,514,870,739,988,391,1085,481,1323,720,802,809,0
31-Aug,984,1449,1903,1234,473,623,214,1598,1024,462,760,689,1292,962,614,276,745,842,891,2075,538,491,1762,700,883,777,232,1172,1230,465,1259,842,321,840,0
1-Sep,115,1145,972,1237,473,613,214,1657,1091,404,671,658,1230,973,577,398,1015,872,683,459,148,833,1446,713,1001,634,576,1158,1142,589,989,609,575,910,0
2-Sep,981,989,483,205,411,629,210,1188,1092,410,752,591,1178,777,557,1091,1012,920,385,130,517,1230,612,643,666,152,587,1147,962,493,210,974,225,877,0
3-Sep,875,253,440,601,431,628,0,582,742,386,711,593,631,814,1158,749,573,907,123,463,509,938,470,794,313,385,897,1118,1112,778,513,990,502,855,0
4-Sep,645,165,1096,595,392,746,0,582,1025,880,690,363,637,757,1154,739,917,720,686,597,468,791,947,534,783,183,787,1115,687,294,752,1536,513,853,0
5-Sep,469,148,937,626,390,590,0,1106,1368,459,424,190,638,768,109,754,695,701,771,928,527,1134,838,552,384,164,726,1107,209,386,755,1531,758,939,0
6-Sep,720,1717,1118,812,326,629,276,1106,1173,470,442,420,854,794,1003,393,691,646,459,1014,477,601,686,256,984,272,681,971,424,245,703,1493,584,896,0
7-Sep,1196,1752,1085,342,322,649,145,1030,1182,392,438,432,828,798,953,404,642,967,456,2014,472,440,254,654,273,273,441,675,249,300,703,1178,385,696,0
8-Sep,1196,1680,293,535,382,802,206,1052,1211,281,712,444,828,772,868,973,647,1060,143,1006,214,1044,230,434,289,431,934,219,200,250,746,246,833,245,0
9-Sep,1157,1672,270,907,382,246,156,708,704,284,693,425,1383,760,1371,889,690,1004,147,708,304,925,2087,325,807,221,870,213,202,251,80,186,791,361,0
10-Sep,963,754,995,858,635,462,186,618,1197,349,717,437,746,743,1410,906,710,428,489,2014,193,928,1877,598,837,214,840,239,207,495,155,336,865,361,0
11-Sep,600,774,1853,842,105,274,145,1041,969,272,679,461,758,878,1191,893,701,425,1680,1505,156,656,1442,201,263,228,836,240,469,245,182,310,915,450,0
12-Sep,56,2408,1496,888,108,284,305,1028,618,298,414,149,1219,958,1144,970,688,416,867,846,159,612,1462,532,214,184,831,525,159,360,168,246,949,532,0
13-Sep,617,2213,1498,392,86,283,288,732,430,830,470,139,1233,873,1230,402,425,707,782,967,149,667,2347,638,822,178,596,239,283,665,155,999,500,250,0
14-Sep,1322,2261,1449,95,98,449,372,710,0,1122,730,133,1243,737,281,391,1538,716,690,762,537,839,3279,605,1824,175,239,239,137,296,346,1222,370,231,0
15-Sep,1757,2292,1242,76,98,576,343,703,0,1141,1364,178,1210,686,362,917,1740,554,588,118,229,1050,3259,612,770,463,741,425,255,300,630,283,796,241,0
16-Sep,1641,2339,1031,267,86,451,285,382,0,1139,1394,154,1204,146,1030,876,1644,744,130,128,151,1013,3196,649,735,160,919,356,242,407,324,231,779,255,0
17-Sep,1699,1545,1199,901,95,575,292,380,520,1160,1385,126,401,153,1062,868,1385,342,133,717,151,996,1189,497,906,187,1015,411,136,418,241,335,585,254,0
18-Sep,180,766,1012,1271,95,559,274,964,384,815,1394,413,390,932,1088,296,1403,631,136,1310,721,1019,2169,426,815,149,1047,421,530,244,326,344,241,241,0
19-Sep,56,2160,971,1272,85,511,85,939,791,247,450,165,975,679,1070,143,1018,654,133,689,155,1771,3122,639,219,148,1045,519,207,420,412,1135,240,477,0
20-Sep,581,2095,1012,0,442,501,135,951,1512,277,455,109,1033,688,1024,147,1008,730,494,813,835,230,3125,607,305,120,585,247,198,423,396,1619,585,252,0
21-Sep,674,2197,986,0,442,444,95,954,1511,271,737,139,978,640,146,148,1274,693,335,2038,557,234,3123,819,197,228,235,419,258,405,392,1233,244,252,0
22-Sep,682,2198,264,0,482,503,105,26,46,278,1419,118,986,671,163,148,1287,684,113,1252,162,1341,3135,782,208,356,1125,424,128,477,590,280,411,254,0
23-Sep,608,1010,151,708,453,484,105,382,36,266,700,396,959,355,1167,989,150,686,155,742,147,638,3201,781,562,183,1272,434,242,474,238,285,647,226,0
24-Sep,591,842,127,274,483,511,105,271,26,268,745,136,490,383,1222,915,156,659,118,1897,212,153,3117,452,216,648,1253,433,233,410,481,198,211,196,0
25-Sep,232,487,154,267,441,581,86,1430,36,266,709,381,522,558,1107,992,144,338,128,1529,349,125,1584,256,261,631,686,412,501,272,696,215,243,307,0
26-Sep,16,1065,172,807,467,520,106,959,36,262,461,146,976,554,1218,761,148,322,710,231,128,125,2574,1746,227,399,1216,544,198,306,619,1214,243,531,0
27-Sep,668,1057,201,0,441,452,95,968,26,234,417,395,951,539,1213,407,954,666,99,205,142,125,1754,1178,218,596,587,197,206,254,648,1511,591,251,0
28-Sep,616,1031,165,0,431,531,99,928,544,243,711,383,941,530,367,409,1060,681,154,139,534,641,1830,766,212,327,274,1173,161,297,613,1243,243,231,0
29-Sep,588,1134,146,0,404,451,128,1554,36,234,711,402,934,525,521,995,140,684,150,134,153,2048,1885,273,220,551,1142,1171,260,298,500,280,245,213,0
30-Sep,621,1118,161,765,423,413,99,1470,36,1439,719,397,968,399,1218,1006,138,44,121,135,144,1862,1865,275,567,168,769,1065,214,282,94,223,243,322,0
1-Oct,356,636,560,1212,449,441,109,926,36,900,674,361,441,286,1270,1009,164,373,122,139,1458,201,1115,709,226,165,743,858,226,526,179,264,244,1341,0
2-Oct,175,247,464,283,451,451,109,1576,46,88,678,145,441,201,1573,817,139,384,974,1018,894,274,995,396,221,226,742,647,505,278,189,191,221,1518,0
3-Oct,56,1010,332,309,471,464,161,1570,156,38,470,148,503,392,1233,461,151,348,645,1576,1518,238,977,853,223,184,634,516,186,291,183,853,247,1092,0
4-Oct,156,1122,501,0,461,456,172,1512,36,270,472,962,227,166,1254,429,152,813,1261,336,1484,241,1202,1426,250,154,573,245,191,276,192,1068,591,420,0
5-Oct,222,1095,516,0,451,491,175,1520,26,147,940,969,294,134,129,408,138,826,608,133,408,243,992,1788,217,158,221,739,256,289,380,1716,243,1042,0
6-Oct,126,1060,188,112,451,441,155,1439,46,143,999,965,518,369,123,1621,161,705,130,141,132,359,1033,1656,275,446,703,717,226,291,509,1537,236,888,0
7-Oct,187,1094,157,1536,476,607,165,1408,36,242,821,964,851,787,1426,1202,207,1323,153,140,136,1775,1641,310,569,168,1181,600,205,292,282,1533,251,1006,0
8-Oct,397,195,540,173,446,564,36,1433,165,137,788,906,448,962,1372,1853,420,568,228,144,242,1822,404,538,222,166,1124,249,156,467,450,1543,226,890,0
9-Oct,86,109,549,275,460,461,106,1426,822,144,813,144,276,1858,1393,658,153,318,1284,149,154,1892,436,290,224,161,1003,175,559,236,728,1559,229,889,0
10-Oct,26,1784,556,280,438,412,106,1455,105,135,459,140,494,1858,1334,651,149,350,967,151,808,1342,248,692,237,166,904,598,168,354,768,1548,223,711,0
11-Oct,175,2770,544,283,434,459,89,933,99,127,466,795,516,1688,1415,277,151,631,109,153,937,1150,604,969,228,191,871,218,202,352,709,1574,639,396,0
12-Oct,146,2780,503,252,444,464,105,917,97,129,789,780,537,1750,140,274,175,1345,123,157,327,188,245,809,261,169,869,208,266,354,938,1615,293,936,0
13-Oct,173,2730,157,156,412,476,95,972,106,150,771,755,529,1634,125,663,146,971,125,161,148,1890,251,1080,499,430,868,213,182,374,611,1625,192,1008,0
14-Oct,123,2760,146,293,396,375,95,947,107,134,807,762,513,619,877,670,143,599,169,158,154,1704,1922,219,488,176,845,277,239,357,259,1644,237,1024,0
15-Oct,362,282,142,279,402,472,96,793,1727,216,756,450,454,642,1386,1009,138,566,158,164,106,1836,2314,409,227,273,847,234,203,461,971,1648,219,939,0
16-Oct,136,245,177,1479,383,451,85,1158,2014,223,1080,140,473,1491,1399,1019,151,339,1369,150,187,1658,1818,336,228,268,871,234,503,285,995,1661,1014,1015,0
17-Oct,26,1913,167,312,377,428,155,1146,2057,256,124,149,1045,1453,1351,996,144,340,1111,153,724,1697,313,219,284,276,773,275,220,395,999,1647,821,875,0
18-Oct,301,1916,165,625,390,487,164,1171,2032,212,141,591,1069,1462,1346,327,146,468,116,144,180,240,1688,235,352,370,703,230,162,336,1002,1663,1799,463,0
19-Oct,256,2670,287,228,383,449,125,1229,1999,208,424,605,1041,1462,144,334,496,485,744,145,147,248,2186,659,295,434,541,233,210,360,922,1640,1785,843,0
20-Oct,247,2800,303,155,429,464,166,1114,797,208,853,631,1032,1456,229,1161,479,468,146,140,150,1342,1698,404,277,575,595,226,223,385,598,1533,1770,835,0
21-Oct,607,2820,292,1164,410,466,165,1160,87,569,808,591,1023,876,831,1055,479,407,145,143,469,1784,1744,290,609,291,540,216,234,214,246,1552,1694,841,0
22-Oct,1221,2867,168,194,388,469,165,1217,1632,639,854,605,462,442,751,1028,966,499,150,135,400,1701,327,607,325,498,652,243,190,472,551,1673,1530,821,0
23-Oct,218,2014,185,214,462,522,165,1189,1199,658,1163,129,444,1472,846,1563,625,357,222,702,708,1673,460,246,429,296,588,819,450,236,759,1664,1451,831,0
24-Oct,56,3023,147,236,407,489,363,1174,1854,626,283,144,1060,1463,845,1282,146,397,149,506,851,242,248,439,454,333,551,1497,192,339,843,1673,1567,907,0
25-Oct,126,2868,189,157,326,543,307,1103,1400,620,260,607,1049,1464,867,333,157,407,125,626,583,246,1820,597,310,353,526,1492,263,353,848,1680,1468,313,0
26-Oct,177,2693,165,149,200,564,165,1148,1414,385,874,631,1067,1470,130,317,557,417,156,702,150,262,1635,175,842,351,229,636,184,412,1083,1672,1359,236,0
27-Oct,140,2059,175,165,312,551,165,1163,403,376,896,626,1051,1453,131,1013,559,430,190,562,159,1925,1507,307,753,555,491,236,243,410,511,1682,584,480,0
28-Oct,157,2031,149,204,315,572,105,1004,38,608,837,1087,1026,624,559,1008,568,388,144,334,672,1947,1588,344,726,327,414,221,209,416,322,1649,105,496,0
29-Oct,115,882,155,250,327,669,167,931,1262,624,822,605,444,632,702,1087,538,396,145,365,864,1320,271,462,580,357,473,581,189,470,587,1668,149,619,0
30-Oct,56,2023,162,105,332,550,167,1213,786,629,852,146,445,870,604,972,523,164,714,580,99,1920,446,234,429,867,493,1522,488,299,771,1649,139,496,0
31-Oct,58,2648,263,106,207,478,165,654,771,617,443,148,763,889,674,1039,143,155,657,152,513,1921,252,234,204,856,498,1526,221,413,801,935,140,481,0
1-Nov,1239,2745,293,85,332,464,155,650,899,615,429,583,745,878,747,165,149,194,114,1499,185,255,211,332,162,955,245,1594,166,386,755,263,144,377,0
2-Nov,1870,2870,193,115,335,449,165,739,997,211,704,552,752,830,124,168,248,400,124,135,253,236,311,229,147,843,255,564,270,412,758,253,216,735,0
3-Nov,1437,2690,155,115,345,455,155,0,283,216,706,569,724,860,150,1100,147,185,142,167,261,827,286,236,163,810,488,246,197,422,499,254,133,790,0
4-Nov,1315,2710,165,185,335,451,175,0,270,754,730,554,777,619,800,2112,86,189,141,184,1290,1191,573,201,250,961,500,241,198,391,250,249,150,848,0
5-Nov,1501,2716,157,229,313,462,165,0,1618,1149,713,590,469,573,746,843,140,195,136,1327,1799,324,1259,249,249,793,400,558,266,240,1234,240,202,759,0
6-Nov,719,1985,1281,186,343,491,165,589,1271,1187,762,150,468,875,754,951,132,148,622,785,228,240,190,284,274,956,369,1551,161,246,1395,249,179,830,0
7-Nov,16,2005,1324,193,331,722,145,618,2032,132,805,140,911,891,736,1480,137,155,135,648,504,541,300,268,341,857,309,1548,229,351,1385,218,122,256,0
8-Nov,1441,2028,1693,165,343,718,36,605,1916,548,812,459,934,887,775,166,143,216,908,773,253,1496,1736,1087,447,890,222,1544,218,436,1386,261,196,254,0
9-Nov,1469,1249,1362,105,323,707,46,659,1996,743,755,385,922,855,135,162,257,277,126,135,255,1388,931,988,348,961,237,533,209,524,1225,238,190,810,0
10-Nov,1424,2154,165,105,800,704,36,676,116,148,824,371,923,894,146,406,294,331,128,676,255,1347,489,228,243,893,395,278,247,777,918,239,194,1116,0
11-Nov,1389,2142,165,1146,797,707,66,36,150,751,794,403,908,623,321,416,274,348,117,155,288,1746,357,257,197,910,402,251,170,837,453,250,179,1240,0
12-Nov,1450,2145,541,1134,798,738,66,36,927,748,787,392,465,619,313,533,304,341,122,633,260,254,259,238,277,1048,225,903,214,212,1131,229,155,1186,0
13-Nov,1508,204,599,1126,1472,574,46,638,965,150,874,132,441,930,972,547,269,153,124,565,1260,807,257,219,666,1043,232,2711,194,233,1192,230,165,1178,0
14-Nov,671,1991,539,1096,1479,571,92,1419,935,163,449,130,1191,943,972,640,145,146,119,1617,740,1742,251,243,626,1047,245,2718,236,759,1166,249,178,1186,0
15-Nov,1438,2106,304,0,847,585,106,1471,472,147,452,368,1143,919,1155,155,146,332,108,124,888,244,739,233,1027,1046,249,2711,214,846,1207,251,133,1205,0
16-Nov,1457,2030,570,0,738,709,108,1467,960,324,823,314,972,998,359,180,219,743,115,146,343,251,464,251,491,665,227,1885,196,840,1222,226,163,1270,0
17-Nov,1614,2549,259,0,1070,679,102,1877,130,330,860,525,576,933,449,537,216,908,238,163,286,259,454,249,978,788,378,1496,199,878,906,250,138,1214,0
18-Nov,1488,2248,325,934,1055,407,105,1224,940,303,859,529,575,630,951,565,214,493,141,161,660,250,474,234,769,683,346,1411,220,1009,421,247,76,915,0
19-Nov,375,244,373,974,1037,273,46,689,952,321,823,335,594,466,992,533,228,206,141,158,849,303,514,228,754,585,363,1505,196,230,1060,235,60,257,0
20-Nov,56,148,1196,1007,1026,312,46,595,321,284,120,151,582,559,936,543,241,210,627,160,841,268,284,262,1346,519,288,1544,238,235,1157,231,155,1059,0
21-Nov,56,1997,1104,970,995,258,96,625,323,380,165,146,691,563,958,545,99,148,761,523,863,435,242,236,1252,604,297,1542,222,713,1336,247,188,1335,0
22-Nov,984,1361,304,1035,717,311,46,625,152,326,140,671,578,583,1027,136,89,476,738,171,868,1111,731,232,1386,572,241,1537,178,748,1137,249,175,1343,0
23-Nov,987,1494,261,273,728,264,46,601,162,312,151,644,545,467,91,160,80,483,146,156,822,1525,954,492,575,617,265,620,228,449,1115,246,156,779,0
24-Nov,1218,1928,312,322,1118,293,36,618,333,312,147,614,579,479,230,459,634,419,142,164,815,1292,1296,232,616,520,300,210,224,479,1076,245,156,438,0
25-Nov,1087,2221,290,978,1114,425,540,507,334,316,920,609,570,456,979,465,142,152,151,189,734,1911,803,228,617,522,252,756,219,467,1077,865,161,811,0
26-Nov,977,2431,288,1022,1114,465,56,614,612,286,868,622,615,506,901,776,151,181,147,150,746,2422,1025,229,597,590,390,1500,203,235,1364,197,162,1366,0
27-Nov,413,2568,381,446,701,481,56,880,826,323,807,148,579,705,923,533,140,143,179,142,859,219,1172,289,1595,639,298,1498,238,230,1422,1228,162,1334,0
28-Nov,46,2560,413,422,758,471,56,1208,824,317,849,148,625,732,930,512,148,151,145,177,339,1899,916,245,1433,541,300,1498,201,757,1626,1455,161,1337,0
29-Nov,1151,1754,579,416,405,471,56,1161,876,339,850,134,620,1087,937,552,183,740,146,149,282,899,782,268,1312,541,247,1496,222,728,1652,1342,170,1338,0
30-Nov,1240,1140,420,411,402,402,56,1721,854,321,2202,134,638,1835,525,545,187,842,163,134,334,250,936,249,694,551,252,589,217,997,1609,330,171,776,0
1-Dec,217,1065,298,297,1392,408,56,1215,687,329,1857,148,653,719,520,468,146,847,140,124,357,1689,1201,207,599,374,292,264,221,891,1144,403,171,245,0
2-Dec,691,655,274,627,1348,387,56,911,733,336,1848,137,596,209,1073,457,293,714,152,121,590,797,1065,232,758,520,302,235,198,920,1130,1165,172,276,0
3-Dec,640,1531,1040,1497,1395,446,56,925,859,120,1872,135,451,199,1053,522,295,688,256,146,761,2211,1025,226,922,558,263,191,217,925,449,1193,153,542,0
4-Dec,280,1926,992,1462,1392,403,56,1682,1805,94,1851,165,453,1350,986,477,309,528,151,151,708,2446,1186,310,1281,443,210,601,231,941,446,901,169,1134,0
5-Dec,36,2720,1082,481,1278,402,76,1266,1831,141,1051,199,821,1373,1032,546,280,527,442,145,771,1950,1026,1791,891,497,220,1535,211,935,447,1157,173,1135,0
6-Dec,1645,1029,2090,515,545,423,56,1221,311,156,1065,158,1025,1334,1003,178,299,916,444,154,968,1507,1134,1342,944,469,239,1532,217,1516,415,1199,178,1171,0
7-Dec,606,1005,1942,26,547,442,46,1172,36,153,1257,157,985,1316,525,151,591,922,213,156,828,583,1509,1254,1360,439,260,649,216,1796,509,1114,176,1914,0
8-Dec,564,1382,155,26,1032,345,56,1345,36,153,1222,211,1009,1363,554,328,353,933,161,925,563,2059,1314,1712,1325,428,262,228,220,1817,333,823,234,2708,0
9-Dec,645,6.00000000000001,155,1485,1043,441,46,336,36,144,1190,201,1014,207,986,362,475,364,148,125,903,291,826,1238,1320,462,183,228,184,1714,384,1475,240,2708,0
10-Dec,609,16,264,1472,1071,472,56,356,468,158,1242,211,990,171,1011,353,447,373,137,135,1038,594,1408,231,421,433,323,181,235,1114,843,1646,220,2704,0
11-Dec,132,36,265,1454,998,418,56,733,460,126,1209,208,1004,1681,959,344,406,169,143,143,1063,354,962,235,520,455,157,1105,179,213,848,1158,228,2674,0
12-Dec,56,36,287,263,987,441,190,1845,449,136,468,201,1115,1700,1032,553,551,165,620,154,1102,314,851,940,448,492,266,2727,227,184,230,1251,158,2638,0
13-Dec,649,26,326,263,594,420,157,1877,439,148,469,208,436,998,1020,282,585,337,144,160,1156,1602,1949,234,422,466,276,2703,224,1428,317,1160,189,2529,0
14-Dec,533,26,307,1472,465,451,168,1919,472,155,706,207,458,1021,524,254,713,481,156,169,847,1707,2000,1478,451,434,242,768,210,2020,248,874,221,1359,0
15-Dec,687,16,173,1873,918,393,175,1878,292,155,687,148,472,528,532,379,1367,520,162,143,731,922,1909,723,677,495,266,228,234,1686,251,872,281,1149,0
16-Dec,580,36,177,1435,976,313,165,1956,283,1183,677,203,462,203,810,404,1076,448,190,219,1121,1908,1504,235,254,480,243,1058,234,1810,259,612,197,1165,0
17-Dec,672,46,285,683,973,298,165,1293,453,1156,660,136,456,189,785,397,1131,494,175,450,1237,2457,1413,236,244,474,280,1119,203,1519,259,823,196,1228,0
18-Dec,308,56,293,801,1056,324,154,1283,618,1101,685,138,526,949,1432,389,1061,122,145,427,1263,2628,534,228,737,413,179,1889,264,1166,228,814,277,1355,0
19-Dec,56,56,277,1485,1015,293,223,1000,619,1130,405,129,550,770,2256,381,136,40,139,398,1284,2530,482,1080,370,400,271,429,199,1616,254,769,235,1353,0
20-Dec,465,136,267,1481,492,283,232,982,616,1186,171,128,527,752,2807,146,144,480,572,1240,1309,2474,1837,1861,876,408,272,812,177,1482,308,784,238,1297,0
21-Dec,664,26,279,1462,534,471,224,1911,620,149,2072,460,477,761,2124,150,329,915,129,1130,789,2532,335,1872,288,405,281,2036,195,1403,256,226,240,974,0
22-Dec,666,26,170,270,1170,467,234,2491,105,143,2113,147,478,1128,1229,357,204,1427,68,573,797,2223,748,1365,289,402,248,2573,217,224,252,645,244,1069,0
23-Dec,653,36,158,196,941,451,215,2629,125,321,938,399,469,203,1920,336,475,879,114,159,1289,713,972,210,223,446,239,2198,258,228,251,1119,254,628,0
24-Dec,663,922,279,283,880,453,224,2149,130,320,2056,341,492,204,1874,366,500,306,131,288,1338,1846,733,220,410,398,243,1442,212,238,257,1090,270,278,0
25-Dec,173,1340,303,2063,556,413,234,454,375,948,2103,378,470,186,1481,180,353,119,130,239,744,1395,777,235,539,360,249,204,227,248,257,1575,300,223,0
26-Dec,247,590,544,1976,495,447,244,460,392,939,2036,378,474,1591,1454,157,374,116,127,238,1354,268,609,838,1165,528,206,1535,207,230,263,1563,216,177,0
27-Dec,918,45,570,749,549,66,36,263,871,960,2062,575,442,1601,1470,152,378,227,131,571,1306,262,781,1148,591,512,257,1493,179,1914,255,1666,290,269,0
28-Dec,977,32,581,747,524,46,36,265,391,948,2765,411,466,1588,139,153,1149,635,184,622,791,289,778,405,479,490,255,2425,240,1701,252,1686,277,1199,0
29-Dec,901,122,283,752,531,164,46,286,386,507,2758,618,478,1542,145,403,1108,137,180,133,750,1541,1075,242,581,443,188,2798,205,2264,252,1680,282,1113,0
30-Dec,942,32,283,763,615,46,36,239,364,1177,2763,1495,479,286,266,402,1058,141,196,155,606,1460,1460,222,274,376,249,2793,223,1681,250,1700,281,2184,0
31-Dec,1104,46,283,739,1313,46,46,305,658,1160,2778,266,270,272,288,405,1059,141,185,517,1330,231,590,217,272,305,252,2778,213,230,251,1647,186,2802,0
